image_id,cluster
3,cluster_LynxID2025_112
5,cluster_LynxID2025_77
12,cluster_LynxID2025_185
13,cluster_LynxID2025_186
18,cluster_LynxID2025_59
19,cluster_LynxID2025_187
27,cluster_LynxID2025_188
33,cluster_LynxID2025_189
36,cluster_LynxID2025_88
45,cluster_LynxID2025_3
46,cluster_LynxID2025_157
47,cluster_LynxID2025_190
48,cluster_LynxID2025_173
49,cluster_LynxID2025_63
55,cluster_LynxID2025_191
58,cluster_LynxID2025_176
61,cluster_LynxID2025_37
62,cluster_LynxID2025_192
63,cluster_LynxID2025_39
64,cluster_LynxID2025_55
65,cluster_LynxID2025_193
67,cluster_LynxID2025_71
68,cluster_LynxID2025_109
74,cluster_LynxID2025_152
81,cluster_LynxID2025_68
84,cluster_LynxID2025_148
85,cluster_LynxID2025_47
86,cluster_LynxID2025_135
89,cluster_LynxID2025_194
90,cluster_LynxID2025_176
94,cluster_LynxID2025_7
97,cluster_LynxID2025_17
98,cluster_LynxID2025_122
106,cluster_LynxID2025_195
113,cluster_LynxID2025_51
123,cluster_LynxID2025_196
124,cluster_LynxID2025_197
126,cluster_LynxID2025_198
131,cluster_LynxID2025_141
137,cluster_LynxID2025_31
139,cluster_LynxID2025_173
145,cluster_LynxID2025_22
150,cluster_LynxID2025_86
163,cluster_LynxID2025_153
166,cluster_LynxID2025_172
167,cluster_LynxID2025_153
168,cluster_LynxID2025_178
171,cluster_LynxID2025_34
173,cluster_LynxID2025_114
182,cluster_LynxID2025_199
183,cluster_LynxID2025_16
186,cluster_LynxID2025_113
188,cluster_LynxID2025_37
190,cluster_LynxID2025_200
192,cluster_LynxID2025_62
195,cluster_LynxID2025_201
202,cluster_LynxID2025_202
203,cluster_LynxID2025_203
205,cluster_LynxID2025_160
209,cluster_LynxID2025_16
210,cluster_LynxID2025_204
213,cluster_LynxID2025_105
216,cluster_LynxID2025_205
219,cluster_LynxID2025_136
221,cluster_LynxID2025_81
228,cluster_LynxID2025_50
231,cluster_LynxID2025_206
240,cluster_LynxID2025_207
242,cluster_LynxID2025_208
245,cluster_LynxID2025_209
264,cluster_LynxID2025_210
266,cluster_LynxID2025_98
273,cluster_LynxID2025_211
276,cluster_LynxID2025_166
280,cluster_LynxID2025_212
282,cluster_LynxID2025_213
286,cluster_LynxID2025_47
289,cluster_LynxID2025_58
293,cluster_LynxID2025_144
294,cluster_LynxID2025_63
296,cluster_LynxID2025_181
311,cluster_LynxID2025_67
312,cluster_LynxID2025_87
315,cluster_LynxID2025_127
338,cluster_LynxID2025_120
347,cluster_LynxID2025_115
357,cluster_LynxID2025_41
359,cluster_LynxID2025_214
361,cluster_LynxID2025_215
366,cluster_LynxID2025_176
368,cluster_LynxID2025_216
373,cluster_LynxID2025_217
375,cluster_LynxID2025_218
378,cluster_LynxID2025_110
380,cluster_LynxID2025_98
397,cluster_LynxID2025_219
411,cluster_LynxID2025_220
415,cluster_LynxID2025_79
422,cluster_LynxID2025_42
423,cluster_LynxID2025_142
424,cluster_LynxID2025_221
427,cluster_LynxID2025_116
429,cluster_LynxID2025_117
431,cluster_LynxID2025_130
432,cluster_LynxID2025_45
437,cluster_LynxID2025_46
439,cluster_LynxID2025_222
443,cluster_LynxID2025_223
454,cluster_LynxID2025_224
459,cluster_LynxID2025_59
465,cluster_LynxID2025_225
469,cluster_LynxID2025_41
470,cluster_LynxID2025_226
474,cluster_LynxID2025_227
475,cluster_LynxID2025_228
478,cluster_LynxID2025_229
479,cluster_LynxID2025_230
480,cluster_LynxID2025_231
481,cluster_LynxID2025_13
482,cluster_LynxID2025_232
491,cluster_LynxID2025_60
494,cluster_LynxID2025_233
500,cluster_LynxID2025_176
501,cluster_LynxID2025_60
507,cluster_LynxID2025_164
509,cluster_LynxID2025_234
512,cluster_LynxID2025_235
515,cluster_LynxID2025_236
516,cluster_LynxID2025_237
519,cluster_LynxID2025_238
520,cluster_LynxID2025_239
522,cluster_LynxID2025_240
524,cluster_LynxID2025_85
526,cluster_LynxID2025_241
530,cluster_LynxID2025_242
537,cluster_LynxID2025_243
544,cluster_LynxID2025_89
547,cluster_LynxID2025_105
549,cluster_LynxID2025_244
551,cluster_LynxID2025_245
552,cluster_LynxID2025_138
555,cluster_LynxID2025_176
559,cluster_LynxID2025_131
562,cluster_LynxID2025_246
565,cluster_LynxID2025_247
567,cluster_LynxID2025_51
569,cluster_LynxID2025_32
570,cluster_LynxID2025_134
573,cluster_LynxID2025_7
577,cluster_LynxID2025_54
578,cluster_LynxID2025_138
579,cluster_LynxID2025_248
580,cluster_LynxID2025_249
583,cluster_LynxID2025_10
584,cluster_LynxID2025_141
588,cluster_LynxID2025_158
589,cluster_LynxID2025_250
591,cluster_LynxID2025_120
592,cluster_LynxID2025_33
594,cluster_LynxID2025_84
595,cluster_LynxID2025_103
599,cluster_LynxID2025_57
602,cluster_LynxID2025_251
603,cluster_LynxID2025_180
611,cluster_LynxID2025_161
620,cluster_LynxID2025_252
625,cluster_LynxID2025_253
626,cluster_LynxID2025_254
628,cluster_LynxID2025_255
630,cluster_LynxID2025_256
636,cluster_LynxID2025_183
643,cluster_LynxID2025_105
645,cluster_LynxID2025_124
648,cluster_LynxID2025_48
649,cluster_LynxID2025_38
651,cluster_LynxID2025_44
655,cluster_LynxID2025_2
656,cluster_LynxID2025_9
662,cluster_LynxID2025_133
669,cluster_LynxID2025_24
670,cluster_LynxID2025_176
672,cluster_LynxID2025_257
673,cluster_LynxID2025_258
676,cluster_LynxID2025_259
678,cluster_LynxID2025_6
683,cluster_LynxID2025_260
685,cluster_LynxID2025_142
690,cluster_LynxID2025_261
694,cluster_LynxID2025_9
699,cluster_LynxID2025_262
704,cluster_LynxID2025_144
707,cluster_LynxID2025_169
711,cluster_LynxID2025_173
712,cluster_LynxID2025_263
713,cluster_LynxID2025_30
715,cluster_LynxID2025_264
719,cluster_LynxID2025_150
722,cluster_LynxID2025_148
724,cluster_LynxID2025_265
726,cluster_LynxID2025_266
730,cluster_LynxID2025_267
734,cluster_LynxID2025_85
735,cluster_LynxID2025_13
738,cluster_LynxID2025_153
739,cluster_LynxID2025_77
741,cluster_LynxID2025_268
749,cluster_LynxID2025_269
750,cluster_LynxID2025_119
751,cluster_LynxID2025_44
753,cluster_LynxID2025_270
760,cluster_LynxID2025_271
761,cluster_LynxID2025_140
764,cluster_LynxID2025_44
766,cluster_LynxID2025_272
770,cluster_LynxID2025_273
776,cluster_LynxID2025_105
781,cluster_LynxID2025_67
782,cluster_LynxID2025_70
784,cluster_LynxID2025_184
786,cluster_LynxID2025_274
787,cluster_LynxID2025_74
790,cluster_LynxID2025_153
791,cluster_LynxID2025_48
793,cluster_LynxID2025_95
794,cluster_LynxID2025_169
795,cluster_LynxID2025_169
797,cluster_LynxID2025_153
798,cluster_LynxID2025_154
800,cluster_LynxID2025_131
804,cluster_LynxID2025_48
808,cluster_LynxID2025_151
817,cluster_LynxID2025_275
819,cluster_LynxID2025_47
824,cluster_LynxID2025_276
840,cluster_LynxID2025_120
849,cluster_LynxID2025_129
855,cluster_LynxID2025_277
859,cluster_LynxID2025_96
865,cluster_LynxID2025_14
871,cluster_LynxID2025_278
872,cluster_LynxID2025_279
874,cluster_LynxID2025_118
881,cluster_LynxID2025_280
886,cluster_LynxID2025_145
887,cluster_LynxID2025_135
893,cluster_LynxID2025_281
897,cluster_LynxID2025_282
904,cluster_LynxID2025_283
907,cluster_LynxID2025_284
915,cluster_LynxID2025_285
917,cluster_LynxID2025_286
920,cluster_LynxID2025_287
939,cluster_LynxID2025_288
941,cluster_LynxID2025_62
945,cluster_LynxID2025_289
951,cluster_LynxID2025_66
962,cluster_LynxID2025_11
963,cluster_LynxID2025_72
964,cluster_LynxID2025_290
969,cluster_LynxID2025_291
980,cluster_LynxID2025_146
983,cluster_LynxID2025_292
985,cluster_LynxID2025_293
990,cluster_LynxID2025_148
991,cluster_LynxID2025_116
992,cluster_LynxID2025_176
994,cluster_LynxID2025_158
995,cluster_LynxID2025_294
1000,cluster_LynxID2025_23
1001,cluster_LynxID2025_17
1005,cluster_LynxID2025_66
1006,cluster_LynxID2025_176
1008,cluster_LynxID2025_144
1011,cluster_LynxID2025_295
1012,cluster_LynxID2025_296
1013,cluster_LynxID2025_297
1019,cluster_LynxID2025_298
1021,cluster_LynxID2025_105
1031,cluster_LynxID2025_299
1034,cluster_LynxID2025_86
1039,cluster_LynxID2025_138
1042,cluster_LynxID2025_64
1045,cluster_LynxID2025_117
1046,cluster_LynxID2025_97
1047,cluster_LynxID2025_75
1048,cluster_LynxID2025_76
1053,cluster_LynxID2025_49
1055,cluster_LynxID2025_5
1057,cluster_LynxID2025_148
1060,cluster_LynxID2025_143
1064,cluster_LynxID2025_300
1065,cluster_LynxID2025_179
1068,cluster_LynxID2025_301
1069,cluster_LynxID2025_4
1071,cluster_LynxID2025_302
1075,cluster_LynxID2025_75
1089,cluster_LynxID2025_168
1090,cluster_LynxID2025_77
1094,cluster_LynxID2025_303
1095,cluster_LynxID2025_304
1096,cluster_LynxID2025_68
1107,cluster_LynxID2025_305
1108,cluster_LynxID2025_306
1111,cluster_LynxID2025_153
1115,cluster_LynxID2025_307
1119,cluster_LynxID2025_308
1120,cluster_LynxID2025_29
1122,cluster_LynxID2025_309
1131,cluster_LynxID2025_310
1135,cluster_LynxID2025_311
1137,cluster_LynxID2025_160
1139,cluster_LynxID2025_312
1143,cluster_LynxID2025_313
1147,cluster_LynxID2025_314
1153,cluster_LynxID2025_28
1154,cluster_LynxID2025_42
1162,cluster_LynxID2025_1
1163,cluster_LynxID2025_315
1164,cluster_LynxID2025_316
1175,cluster_LynxID2025_317
1182,cluster_LynxID2025_27
1191,cluster_LynxID2025_98
1192,cluster_LynxID2025_96
1197,cluster_LynxID2025_128
1198,cluster_LynxID2025_107
1203,cluster_LynxID2025_318
1205,cluster_LynxID2025_319
1207,cluster_LynxID2025_125
1209,cluster_LynxID2025_153
1211,cluster_LynxID2025_51
1213,cluster_LynxID2025_320
1214,cluster_LynxID2025_80
1221,cluster_LynxID2025_321
1223,cluster_LynxID2025_0
1225,cluster_LynxID2025_145
1232,cluster_LynxID2025_322
1233,cluster_LynxID2025_44
1234,cluster_LynxID2025_114
1235,cluster_LynxID2025_323
1237,cluster_LynxID2025_324
1245,cluster_LynxID2025_325
1247,cluster_LynxID2025_326
1248,cluster_LynxID2025_327
1249,cluster_LynxID2025_328
1255,cluster_LynxID2025_329
1259,cluster_LynxID2025_330
1264,cluster_LynxID2025_14
1266,cluster_LynxID2025_58
1267,cluster_LynxID2025_331
1270,cluster_LynxID2025_332
1271,cluster_LynxID2025_333
1277,cluster_LynxID2025_139
1278,cluster_LynxID2025_162
1280,cluster_LynxID2025_47
1288,cluster_LynxID2025_95
1297,cluster_LynxID2025_36
1309,cluster_LynxID2025_83
1311,cluster_LynxID2025_334
1313,cluster_LynxID2025_91
1318,cluster_LynxID2025_335
1322,cluster_LynxID2025_39
1325,cluster_LynxID2025_57
1330,cluster_LynxID2025_24
1335,cluster_LynxID2025_25
1343,cluster_LynxID2025_145
1345,cluster_LynxID2025_18
1349,cluster_LynxID2025_336
1351,cluster_LynxID2025_150
1353,cluster_LynxID2025_337
1363,cluster_LynxID2025_183
1367,cluster_LynxID2025_181
1368,cluster_LynxID2025_338
1370,cluster_LynxID2025_181
1371,cluster_LynxID2025_339
1375,cluster_LynxID2025_156
1385,cluster_LynxID2025_119
1388,cluster_LynxID2025_43
1392,cluster_LynxID2025_340
1394,cluster_LynxID2025_341
1399,cluster_LynxID2025_342
1403,cluster_LynxID2025_343
1406,cluster_LynxID2025_344
1410,cluster_LynxID2025_143
1413,cluster_LynxID2025_345
1416,cluster_LynxID2025_16
1421,cluster_LynxID2025_165
1425,cluster_LynxID2025_53
1427,cluster_LynxID2025_99
1428,cluster_LynxID2025_346
1431,cluster_LynxID2025_101
1432,cluster_LynxID2025_347
1433,cluster_LynxID2025_89
1439,cluster_LynxID2025_143
1441,cluster_LynxID2025_138
1444,cluster_LynxID2025_87
1447,cluster_LynxID2025_88
1453,cluster_LynxID2025_69
1454,cluster_LynxID2025_348
1455,cluster_LynxID2025_105
1457,cluster_LynxID2025_153
1465,cluster_LynxID2025_99
1466,cluster_LynxID2025_21
1474,cluster_LynxID2025_349
1475,cluster_LynxID2025_159
1491,cluster_LynxID2025_350
1492,cluster_LynxID2025_351
1493,cluster_LynxID2025_111
1494,cluster_LynxID2025_142
1504,cluster_LynxID2025_352
1509,cluster_LynxID2025_38
1513,cluster_LynxID2025_353
1525,cluster_LynxID2025_18
1526,cluster_LynxID2025_354
1527,cluster_LynxID2025_355
1538,cluster_LynxID2025_96
1539,cluster_LynxID2025_55
1541,cluster_LynxID2025_134
1545,cluster_LynxID2025_356
1546,cluster_LynxID2025_357
1547,cluster_LynxID2025_36
1550,cluster_LynxID2025_92
1557,cluster_LynxID2025_131
1559,cluster_LynxID2025_358
1566,cluster_LynxID2025_359
1573,cluster_LynxID2025_170
1574,cluster_LynxID2025_360
1575,cluster_LynxID2025_361
1578,cluster_LynxID2025_362
1580,cluster_LynxID2025_363
1583,cluster_LynxID2025_364
1585,cluster_LynxID2025_99
1586,cluster_LynxID2025_365
1588,cluster_LynxID2025_366
1592,cluster_LynxID2025_92
1594,cluster_LynxID2025_367
1596,cluster_LynxID2025_368
1600,cluster_LynxID2025_369
1607,cluster_LynxID2025_169
1610,cluster_LynxID2025_44
1612,cluster_LynxID2025_51
1615,cluster_LynxID2025_370
1616,cluster_LynxID2025_51
1619,cluster_LynxID2025_22
1621,cluster_LynxID2025_116
1625,cluster_LynxID2025_121
1628,cluster_LynxID2025_371
1631,cluster_LynxID2025_142
1632,cluster_LynxID2025_372
1641,cluster_LynxID2025_103
1643,cluster_LynxID2025_105
1651,cluster_LynxID2025_373
1652,cluster_LynxID2025_52
1659,cluster_LynxID2025_374
1660,cluster_LynxID2025_375
1666,cluster_LynxID2025_150
1673,cluster_LynxID2025_376
1674,cluster_LynxID2025_377
1681,cluster_LynxID2025_183
1684,cluster_LynxID2025_113
1688,cluster_LynxID2025_179
1689,cluster_LynxID2025_123
1694,cluster_LynxID2025_378
1701,cluster_LynxID2025_379
1704,cluster_LynxID2025_47
1714,cluster_LynxID2025_380
1725,cluster_LynxID2025_25
1726,cluster_LynxID2025_27
1728,cluster_LynxID2025_19
1735,cluster_LynxID2025_381
1743,cluster_LynxID2025_382
1744,cluster_LynxID2025_383
1749,cluster_LynxID2025_60
1759,cluster_LynxID2025_180
1774,cluster_LynxID2025_73
1776,cluster_LynxID2025_172
1777,cluster_LynxID2025_181
1790,cluster_LynxID2025_28
1795,cluster_LynxID2025_144
1804,cluster_LynxID2025_79
1806,cluster_LynxID2025_384
1812,cluster_LynxID2025_38
1818,cluster_LynxID2025_165
1820,cluster_LynxID2025_114
1823,cluster_LynxID2025_97
1829,cluster_LynxID2025_385
1834,cluster_LynxID2025_153
1835,cluster_LynxID2025_153
1836,cluster_LynxID2025_386
1840,cluster_LynxID2025_120
1843,cluster_LynxID2025_66
1854,cluster_LynxID2025_111
1861,cluster_LynxID2025_387
1867,cluster_LynxID2025_163
1869,cluster_LynxID2025_26
1870,cluster_LynxID2025_8
1871,cluster_LynxID2025_169
1873,cluster_LynxID2025_108
1874,cluster_LynxID2025_388
1878,cluster_LynxID2025_389
1892,cluster_LynxID2025_84
1894,cluster_LynxID2025_4
1897,cluster_LynxID2025_390
1899,cluster_LynxID2025_391
1901,cluster_LynxID2025_150
1903,cluster_LynxID2025_70
1913,cluster_LynxID2025_392
1917,cluster_LynxID2025_134
1921,cluster_LynxID2025_393
1923,cluster_LynxID2025_153
1925,cluster_LynxID2025_394
1930,cluster_LynxID2025_67
1935,cluster_LynxID2025_395
1936,cluster_LynxID2025_74
1937,cluster_LynxID2025_31
1939,cluster_LynxID2025_396
1941,cluster_LynxID2025_18
1943,cluster_LynxID2025_51
1945,cluster_LynxID2025_397
1951,cluster_LynxID2025_398
1955,cluster_LynxID2025_18
1957,cluster_LynxID2025_399
1961,cluster_LynxID2025_400
1965,cluster_LynxID2025_159
1969,cluster_LynxID2025_54
1971,cluster_LynxID2025_180
1975,cluster_LynxID2025_401
1981,cluster_LynxID2025_177
1985,cluster_LynxID2025_402
1991,cluster_LynxID2025_129
2005,cluster_LynxID2025_403
2007,cluster_LynxID2025_49
2008,cluster_LynxID2025_63
2014,cluster_LynxID2025_56
2029,cluster_LynxID2025_404
2030,cluster_LynxID2025_92
2035,cluster_LynxID2025_405
2037,cluster_LynxID2025_133
2038,cluster_LynxID2025_104
2040,cluster_LynxID2025_58
2044,cluster_LynxID2025_18
2049,cluster_LynxID2025_406
2057,cluster_LynxID2025_70
2058,cluster_LynxID2025_64
2078,cluster_LynxID2025_26
2079,cluster_LynxID2025_183
2081,cluster_LynxID2025_134
2082,cluster_LynxID2025_155
2086,cluster_LynxID2025_35
2090,cluster_LynxID2025_35
2091,cluster_LynxID2025_89
2105,cluster_LynxID2025_407
2106,cluster_LynxID2025_408
2107,cluster_LynxID2025_179
2110,cluster_LynxID2025_409
2117,cluster_LynxID2025_410
2118,cluster_LynxID2025_128
2119,cluster_LynxID2025_43
2124,cluster_LynxID2025_411
2127,cluster_LynxID2025_70
2129,cluster_LynxID2025_153
2136,cluster_LynxID2025_11
2137,cluster_LynxID2025_48
2144,cluster_LynxID2025_412
2146,cluster_LynxID2025_153
2151,cluster_LynxID2025_413
2161,cluster_LynxID2025_414
2164,cluster_LynxID2025_182
2166,cluster_LynxID2025_38
2169,cluster_LynxID2025_415
2170,cluster_LynxID2025_176
2174,cluster_LynxID2025_416
2178,cluster_LynxID2025_8
2184,cluster_LynxID2025_85
2190,cluster_LynxID2025_417
2196,cluster_LynxID2025_61
2198,cluster_LynxID2025_174
2200,cluster_LynxID2025_153
2205,cluster_LynxID2025_110
2207,cluster_LynxID2025_105
2208,cluster_LynxID2025_153
2219,cluster_LynxID2025_418
2220,cluster_LynxID2025_181
2222,cluster_LynxID2025_419
2226,cluster_LynxID2025_12
2228,cluster_LynxID2025_182
2231,cluster_LynxID2025_94
2232,cluster_LynxID2025_44
2235,cluster_LynxID2025_29
2246,cluster_LynxID2025_166
2248,cluster_LynxID2025_420
2257,cluster_LynxID2025_421
2265,cluster_LynxID2025_422
2268,cluster_LynxID2025_423
2272,cluster_LynxID2025_155
2283,cluster_LynxID2025_33
2290,cluster_LynxID2025_184
2292,cluster_LynxID2025_424
2293,cluster_LynxID2025_174
2294,cluster_LynxID2025_97
2301,cluster_LynxID2025_143
2303,cluster_LynxID2025_425
2307,cluster_LynxID2025_426
2313,cluster_LynxID2025_427
2320,cluster_LynxID2025_109
2322,cluster_LynxID2025_145
2324,cluster_LynxID2025_126
2326,cluster_LynxID2025_165
2330,cluster_LynxID2025_428
2336,cluster_LynxID2025_429
2338,cluster_LynxID2025_157
2343,cluster_LynxID2025_430
2369,cluster_LynxID2025_431
2375,cluster_LynxID2025_432
2379,cluster_LynxID2025_433
2385,cluster_LynxID2025_96
2388,cluster_LynxID2025_434
2389,cluster_LynxID2025_119
2390,cluster_LynxID2025_435
2399,cluster_LynxID2025_171
2403,cluster_LynxID2025_436
2404,cluster_LynxID2025_437
2406,cluster_LynxID2025_438
2408,cluster_LynxID2025_439
2409,cluster_LynxID2025_123
2411,cluster_LynxID2025_76
2426,cluster_LynxID2025_54
2435,cluster_LynxID2025_440
2437,cluster_LynxID2025_441
2441,cluster_LynxID2025_442
2469,cluster_LynxID2025_443
2472,cluster_LynxID2025_76
2473,cluster_LynxID2025_12
2477,cluster_LynxID2025_148
2478,cluster_LynxID2025_154
2487,cluster_LynxID2025_444
2491,cluster_LynxID2025_107
2495,cluster_LynxID2025_101
2496,cluster_LynxID2025_445
2501,cluster_LynxID2025_446
2511,cluster_LynxID2025_447
2512,cluster_LynxID2025_90
2518,cluster_LynxID2025_448
2525,cluster_LynxID2025_104
2527,cluster_LynxID2025_449
2529,cluster_LynxID2025_450
2530,cluster_LynxID2025_173
2534,cluster_LynxID2025_125
2544,cluster_LynxID2025_451
2545,cluster_LynxID2025_452
2546,cluster_LynxID2025_453
2549,cluster_LynxID2025_454
2552,cluster_LynxID2025_43
2554,cluster_LynxID2025_132
2555,cluster_LynxID2025_80
2562,cluster_LynxID2025_128
2564,cluster_LynxID2025_122
2580,cluster_LynxID2025_182
2591,cluster_LynxID2025_455
2592,cluster_LynxID2025_25
2601,cluster_LynxID2025_39
2606,cluster_LynxID2025_56
2613,cluster_LynxID2025_106
2625,cluster_LynxID2025_143
2626,cluster_LynxID2025_108
2631,cluster_LynxID2025_100
2638,cluster_LynxID2025_456
2643,cluster_LynxID2025_457
2644,cluster_LynxID2025_102
2648,cluster_LynxID2025_142
2654,cluster_LynxID2025_458
2655,cluster_LynxID2025_163
2657,cluster_LynxID2025_459
2687,cluster_LynxID2025_149
2689,cluster_LynxID2025_460
2705,cluster_LynxID2025_67
2706,cluster_LynxID2025_461
2709,cluster_LynxID2025_183
2713,cluster_LynxID2025_1
2718,cluster_LynxID2025_462
2721,cluster_LynxID2025_463
2724,cluster_LynxID2025_105
2725,cluster_LynxID2025_464
2726,cluster_LynxID2025_465
2731,cluster_LynxID2025_466
2733,cluster_LynxID2025_93
2734,cluster_LynxID2025_467
2744,cluster_LynxID2025_468
2754,cluster_LynxID2025_469
2758,cluster_LynxID2025_470
2759,cluster_LynxID2025_145
2760,cluster_LynxID2025_168
2770,cluster_LynxID2025_471
2787,cluster_LynxID2025_18
2789,cluster_LynxID2025_472
2790,cluster_LynxID2025_30
2794,cluster_LynxID2025_69
2797,cluster_LynxID2025_45
2801,cluster_LynxID2025_473
2803,cluster_LynxID2025_474
2807,cluster_LynxID2025_115
2811,cluster_LynxID2025_72
2812,cluster_LynxID2025_475
2823,cluster_LynxID2025_118
2829,cluster_LynxID2025_102
2831,cluster_LynxID2025_6
2834,cluster_LynxID2025_53
2840,cluster_LynxID2025_77
2841,cluster_LynxID2025_105
2844,cluster_LynxID2025_476
2845,cluster_LynxID2025_15
2846,cluster_LynxID2025_0
2847,cluster_LynxID2025_477
2848,cluster_LynxID2025_138
2851,cluster_LynxID2025_176
2865,cluster_LynxID2025_153
2871,cluster_LynxID2025_166
2873,cluster_LynxID2025_478
2876,cluster_LynxID2025_89
2889,cluster_LynxID2025_81
2893,cluster_LynxID2025_479
2894,cluster_LynxID2025_480
2896,cluster_LynxID2025_176
2914,cluster_LynxID2025_481
2920,cluster_LynxID2025_482
2921,cluster_LynxID2025_87
2933,cluster_LynxID2025_23
2934,cluster_LynxID2025_46
2942,cluster_LynxID2025_483
2948,cluster_LynxID2025_20
2949,cluster_LynxID2025_41
2951,cluster_LynxID2025_484
2952,cluster_LynxID2025_96
2957,cluster_LynxID2025_175
2961,cluster_LynxID2025_485
2963,cluster_LynxID2025_34
2968,cluster_LynxID2025_121
2973,cluster_LynxID2025_94
2976,cluster_LynxID2025_486
2978,cluster_LynxID2025_487
2981,cluster_LynxID2025_488
2985,cluster_LynxID2025_71
2999,cluster_LynxID2025_489
3001,cluster_LynxID2025_490
3003,cluster_LynxID2025_491
3007,cluster_LynxID2025_112
3013,cluster_LynxID2025_492
3014,cluster_LynxID2025_48
3018,cluster_LynxID2025_82
3020,cluster_LynxID2025_91
3021,cluster_LynxID2025_169
3027,cluster_LynxID2025_493
3029,cluster_LynxID2025_141
3032,cluster_LynxID2025_494
3034,cluster_LynxID2025_495
3035,cluster_LynxID2025_496
3036,cluster_LynxID2025_94
3037,cluster_LynxID2025_497
3038,cluster_LynxID2025_498
3045,cluster_LynxID2025_126
3046,cluster_LynxID2025_161
3055,cluster_LynxID2025_499
3059,cluster_LynxID2025_500
3069,cluster_LynxID2025_144
3074,cluster_LynxID2025_106
3086,cluster_LynxID2025_154
3090,cluster_LynxID2025_137
3091,cluster_LynxID2025_3
3097,cluster_LynxID2025_87
3099,cluster_LynxID2025_21
3106,cluster_LynxID2025_100
3108,cluster_LynxID2025_78
3111,cluster_LynxID2025_177
3116,cluster_LynxID2025_501
3118,cluster_LynxID2025_163
3130,cluster_LynxID2025_149
3133,cluster_LynxID2025_63
3138,cluster_LynxID2025_171
3142,cluster_LynxID2025_502
3144,cluster_LynxID2025_503
3153,cluster_LynxID2025_504
3155,cluster_LynxID2025_69
3156,cluster_LynxID2025_505
3157,cluster_LynxID2025_506
3167,cluster_LynxID2025_144
3177,cluster_LynxID2025_173
3178,cluster_LynxID2025_507
3181,cluster_LynxID2025_508
3183,cluster_LynxID2025_147
3193,cluster_LynxID2025_160
3201,cluster_LynxID2025_509
3204,cluster_LynxID2025_510
3205,cluster_LynxID2025_511
3215,cluster_LynxID2025_38
3217,cluster_LynxID2025_153
3220,cluster_LynxID2025_512
3221,cluster_LynxID2025_513
3222,cluster_LynxID2025_137
3231,cluster_LynxID2025_93
3232,cluster_LynxID2025_90
3239,cluster_LynxID2025_514
3242,cluster_LynxID2025_515
3245,cluster_LynxID2025_136
3249,cluster_LynxID2025_516
3256,cluster_LynxID2025_517
3259,cluster_LynxID2025_518
3261,cluster_LynxID2025_123
3263,cluster_LynxID2025_519
3267,cluster_LynxID2025_520
3270,cluster_LynxID2025_167
3274,cluster_LynxID2025_521
3277,cluster_LynxID2025_73
3281,cluster_LynxID2025_10
3284,cluster_LynxID2025_5
3286,cluster_LynxID2025_522
3287,cluster_LynxID2025_523
3297,cluster_LynxID2025_524
3305,cluster_LynxID2025_167
3310,cluster_LynxID2025_525
3314,cluster_LynxID2025_526
3323,cluster_LynxID2025_83
3331,cluster_LynxID2025_123
3335,cluster_LynxID2025_180
3338,cluster_LynxID2025_7
3339,cluster_LynxID2025_527
3344,cluster_LynxID2025_136
3348,cluster_LynxID2025_528
3352,cluster_LynxID2025_40
3353,cluster_LynxID2025_529
3356,cluster_LynxID2025_530
3357,cluster_LynxID2025_163
3358,cluster_LynxID2025_531
3366,cluster_LynxID2025_532
3372,cluster_LynxID2025_533
3380,cluster_LynxID2025_175
3382,cluster_LynxID2025_65
3386,cluster_LynxID2025_534
3389,cluster_LynxID2025_535
3390,cluster_LynxID2025_140
3400,cluster_LynxID2025_536
3401,cluster_LynxID2025_537
3409,cluster_LynxID2025_39
3412,cluster_LynxID2025_538
3416,cluster_LynxID2025_156
3418,cluster_LynxID2025_172
3420,cluster_LynxID2025_15
3424,cluster_LynxID2025_32
3427,cluster_LynxID2025_539
3429,cluster_LynxID2025_126
3434,cluster_LynxID2025_540
3435,cluster_LynxID2025_541
3436,cluster_LynxID2025_175
3437,cluster_LynxID2025_85
3439,cluster_LynxID2025_160
3441,cluster_LynxID2025_542
3446,cluster_LynxID2025_543
3449,cluster_LynxID2025_544
3450,cluster_LynxID2025_40
3452,cluster_LynxID2025_105
3469,cluster_LynxID2025_545
3474,cluster_LynxID2025_113
3477,cluster_LynxID2025_154
3480,cluster_LynxID2025_146
3481,cluster_LynxID2025_162
3484,cluster_LynxID2025_78
3487,cluster_LynxID2025_546
3490,cluster_LynxID2025_547
3494,cluster_LynxID2025_118
3497,cluster_LynxID2025_548
3500,cluster_LynxID2025_549
3501,cluster_LynxID2025_61
3502,cluster_LynxID2025_550
3508,cluster_LynxID2025_88
3511,cluster_LynxID2025_551
3513,cluster_LynxID2025_163
3521,cluster_LynxID2025_153
3524,cluster_LynxID2025_93
3526,cluster_LynxID2025_552
3529,cluster_LynxID2025_176
3530,cluster_LynxID2025_124
3539,cluster_LynxID2025_82
3540,cluster_LynxID2025_139
3542,cluster_LynxID2025_161
3545,cluster_LynxID2025_130
3548,cluster_LynxID2025_137
3550,cluster_LynxID2025_553
3565,cluster_LynxID2025_147
3566,cluster_LynxID2025_554
3568,cluster_LynxID2025_19
3570,cluster_LynxID2025_555
3574,cluster_LynxID2025_44
3582,cluster_LynxID2025_176
3585,cluster_LynxID2025_556
3595,cluster_LynxID2025_105
3597,cluster_LynxID2025_151
3605,cluster_LynxID2025_132
3626,cluster_LynxID2025_557
3633,cluster_LynxID2025_88
3638,cluster_LynxID2025_26
3643,cluster_LynxID2025_160
3645,cluster_LynxID2025_20
3648,cluster_LynxID2025_176
3654,cluster_LynxID2025_558
3655,cluster_LynxID2025_559
3657,cluster_LynxID2025_2
3660,cluster_LynxID2025_560
3666,cluster_LynxID2025_164
3670,cluster_LynxID2025_561
3672,cluster_LynxID2025_65
3675,cluster_LynxID2025_562
3676,cluster_LynxID2025_563
3677,cluster_LynxID2025_51
3682,cluster_LynxID2025_564
3690,cluster_LynxID2025_52
3691,cluster_LynxID2025_47
3692,cluster_LynxID2025_13
3696,cluster_LynxID2025_565
3698,cluster_LynxID2025_566
3706,cluster_LynxID2025_567
3725,cluster_LynxID2025_568
3727,cluster_LynxID2025_569
3729,cluster_LynxID2025_570
3739,cluster_LynxID2025_155
3749,cluster_LynxID2025_571
3750,cluster_LynxID2025_25
3762,cluster_LynxID2025_572
3763,cluster_LynxID2025_178
3766,cluster_LynxID2025_573
3768,cluster_LynxID2025_574
3793,cluster_LynxID2025_575
3794,cluster_LynxID2025_160
3808,cluster_LynxID2025_45
3822,cluster_LynxID2025_119
3823,cluster_LynxID2025_152
3836,cluster_LynxID2025_183
3837,cluster_LynxID2025_576
3849,cluster_LynxID2025_23
3861,cluster_LynxID2025_170
3862,cluster_LynxID2025_577
3866,cluster_LynxID2025_50
3867,cluster_LynxID2025_578
3874,cluster_LynxID2025_579
3876,cluster_LynxID2025_153
3887,cluster_LynxID2025_127
3897,cluster_LynxID2025_580
3900,cluster_LynxID2025_581
3902,cluster_LynxID2025_582
5291,cluster_SalamanderID2025_105
5292,cluster_SalamanderID2025_58
5293,cluster_SalamanderID2025_79
5294,cluster_SalamanderID2025_106
5295,cluster_SalamanderID2025_107
5296,cluster_SalamanderID2025_3
5297,cluster_SalamanderID2025_108
5298,cluster_SalamanderID2025_3
5299,cluster_SalamanderID2025_79
5300,cluster_SalamanderID2025_109
5301,cluster_SalamanderID2025_83
5302,cluster_SalamanderID2025_110
5303,cluster_SalamanderID2025_111
5304,cluster_SalamanderID2025_112
5305,cluster_SalamanderID2025_39
5306,cluster_SalamanderID2025_113
5307,cluster_SalamanderID2025_114
5308,cluster_SalamanderID2025_115
5309,cluster_SalamanderID2025_116
5310,cluster_SalamanderID2025_117
5311,cluster_SalamanderID2025_39
5312,cluster_SalamanderID2025_118
5313,cluster_SalamanderID2025_39
5314,cluster_SalamanderID2025_119
5315,cluster_SalamanderID2025_39
5316,cluster_SalamanderID2025_5
5317,cluster_SalamanderID2025_25
5318,cluster_SalamanderID2025_120
5319,cluster_SalamanderID2025_5
5320,cluster_SalamanderID2025_121
5321,cluster_SalamanderID2025_122
5322,cluster_SalamanderID2025_123
5323,cluster_SalamanderID2025_124
5324,cluster_SalamanderID2025_125
5325,cluster_SalamanderID2025_126
5326,cluster_SalamanderID2025_127
5327,cluster_SalamanderID2025_128
5328,cluster_SalamanderID2025_129
5329,cluster_SalamanderID2025_32
5330,cluster_SalamanderID2025_130
5331,cluster_SalamanderID2025_102
5332,cluster_SalamanderID2025_131
5333,cluster_SalamanderID2025_23
5334,cluster_SalamanderID2025_132
5335,cluster_SalamanderID2025_133
5336,cluster_SalamanderID2025_97
5337,cluster_SalamanderID2025_134
5338,cluster_SalamanderID2025_55
5339,cluster_SalamanderID2025_135
5340,cluster_SalamanderID2025_43
5341,cluster_SalamanderID2025_43
5342,cluster_SalamanderID2025_47
5343,cluster_SalamanderID2025_43
5344,cluster_SalamanderID2025_136
5345,cluster_SalamanderID2025_47
5346,cluster_SalamanderID2025_43
5347,cluster_SalamanderID2025_137
5348,cluster_SalamanderID2025_138
5349,cluster_SalamanderID2025_139
5350,cluster_SalamanderID2025_140
5351,cluster_SalamanderID2025_100
5352,cluster_SalamanderID2025_141
5353,cluster_SalamanderID2025_32
5354,cluster_SalamanderID2025_23
5355,cluster_SalamanderID2025_142
5356,cluster_SalamanderID2025_143
5357,cluster_SalamanderID2025_144
5358,cluster_SalamanderID2025_82
5359,cluster_SalamanderID2025_9
5360,cluster_SalamanderID2025_145
5361,cluster_SalamanderID2025_25
5362,cluster_SalamanderID2025_146
5363,cluster_SalamanderID2025_72
5364,cluster_SalamanderID2025_39
5365,cluster_SalamanderID2025_9
5366,cluster_SalamanderID2025_12
5367,cluster_SalamanderID2025_55
5368,cluster_SalamanderID2025_0
5369,cluster_SalamanderID2025_32
5370,cluster_SalamanderID2025_147
5371,cluster_SalamanderID2025_148
5372,cluster_SalamanderID2025_84
5373,cluster_SalamanderID2025_149
5374,cluster_SalamanderID2025_150
5375,cluster_SalamanderID2025_16
5376,cluster_SalamanderID2025_36
5377,cluster_SalamanderID2025_151
5378,cluster_SalamanderID2025_152
5379,cluster_SalamanderID2025_19
5380,cluster_SalamanderID2025_153
5381,cluster_SalamanderID2025_88
5382,cluster_SalamanderID2025_16
5383,cluster_SalamanderID2025_88
5384,cluster_SalamanderID2025_87
5385,cluster_SalamanderID2025_154
5386,cluster_SalamanderID2025_19
5387,cluster_SalamanderID2025_155
5388,cluster_SalamanderID2025_22
5389,cluster_SalamanderID2025_18
5390,cluster_SalamanderID2025_156
5391,cluster_SalamanderID2025_157
5392,cluster_SalamanderID2025_158
5393,cluster_SalamanderID2025_17
5394,cluster_SalamanderID2025_159
5395,cluster_SalamanderID2025_160
5396,cluster_SalamanderID2025_161
5397,cluster_SalamanderID2025_162
5398,cluster_SalamanderID2025_7
5399,cluster_SalamanderID2025_49
5400,cluster_SalamanderID2025_163
5401,cluster_SalamanderID2025_164
5402,cluster_SalamanderID2025_165
5403,cluster_SalamanderID2025_85
5404,cluster_SalamanderID2025_166
5405,cluster_SalamanderID2025_167
5406,cluster_SalamanderID2025_168
5407,cluster_SalamanderID2025_169
5408,cluster_SalamanderID2025_37
5409,cluster_SalamanderID2025_170
5410,cluster_SalamanderID2025_37
5411,cluster_SalamanderID2025_171
5412,cluster_SalamanderID2025_172
5413,cluster_SalamanderID2025_173
5414,cluster_SalamanderID2025_103
5415,cluster_SalamanderID2025_96
5416,cluster_SalamanderID2025_95
5417,cluster_SalamanderID2025_64
5418,cluster_SalamanderID2025_103
5419,cluster_SalamanderID2025_174
5420,cluster_SalamanderID2025_94
5421,cluster_SalamanderID2025_94
5422,cluster_SalamanderID2025_94
5423,cluster_SalamanderID2025_175
5424,cluster_SalamanderID2025_87
5425,cluster_SalamanderID2025_68
5426,cluster_SalamanderID2025_100
5427,cluster_SalamanderID2025_100
5428,cluster_SalamanderID2025_29
5429,cluster_SalamanderID2025_104
5430,cluster_SalamanderID2025_176
5431,cluster_SalamanderID2025_104
5432,cluster_SalamanderID2025_177
5433,cluster_SalamanderID2025_89
5434,cluster_SalamanderID2025_12
5435,cluster_SalamanderID2025_178
5436,cluster_SalamanderID2025_179
5437,cluster_SalamanderID2025_35
5438,cluster_SalamanderID2025_180
5439,cluster_SalamanderID2025_181
5440,cluster_SalamanderID2025_90
5441,cluster_SalamanderID2025_182
5442,cluster_SalamanderID2025_183
5443,cluster_SalamanderID2025_68
5444,cluster_SalamanderID2025_67
5445,cluster_SalamanderID2025_184
5446,cluster_SalamanderID2025_185
5447,cluster_SalamanderID2025_186
5448,cluster_SalamanderID2025_187
5449,cluster_SalamanderID2025_188
5450,cluster_SalamanderID2025_189
5451,cluster_SalamanderID2025_190
5452,cluster_SalamanderID2025_191
5453,cluster_SalamanderID2025_192
5454,cluster_SalamanderID2025_15
5455,cluster_SalamanderID2025_193
5456,cluster_SalamanderID2025_15
5457,cluster_SalamanderID2025_42
5458,cluster_SalamanderID2025_44
5459,cluster_SalamanderID2025_42
5460,cluster_SalamanderID2025_194
5461,cluster_SalamanderID2025_195
5462,cluster_SalamanderID2025_72
5463,cluster_SalamanderID2025_103
5464,cluster_SalamanderID2025_196
5465,cluster_SalamanderID2025_68
5466,cluster_SalamanderID2025_197
5467,cluster_SalamanderID2025_198
5468,cluster_SalamanderID2025_199
5469,cluster_SalamanderID2025_200
5470,cluster_SalamanderID2025_201
5471,cluster_SalamanderID2025_35
5472,cluster_SalamanderID2025_202
5473,cluster_SalamanderID2025_203
5474,cluster_SalamanderID2025_204
5475,cluster_SalamanderID2025_205
5476,cluster_SalamanderID2025_72
5477,cluster_SalamanderID2025_67
5478,cluster_SalamanderID2025_101
5479,cluster_SalamanderID2025_206
5480,cluster_SalamanderID2025_207
5481,cluster_SalamanderID2025_208
5482,cluster_SalamanderID2025_68
5483,cluster_SalamanderID2025_68
5484,cluster_SalamanderID2025_209
5485,cluster_SalamanderID2025_18
5486,cluster_SalamanderID2025_72
5487,cluster_SalamanderID2025_210
5488,cluster_SalamanderID2025_211
5489,cluster_SalamanderID2025_212
5490,cluster_SalamanderID2025_213
5491,cluster_SalamanderID2025_214
5492,cluster_SalamanderID2025_215
5493,cluster_SalamanderID2025_13
5494,cluster_SalamanderID2025_216
5495,cluster_SalamanderID2025_217
5496,cluster_SalamanderID2025_90
5497,cluster_SalamanderID2025_218
5498,cluster_SalamanderID2025_219
5499,cluster_SalamanderID2025_220
5500,cluster_SalamanderID2025_221
5501,cluster_SalamanderID2025_100
5502,cluster_SalamanderID2025_75
5503,cluster_SalamanderID2025_222
5504,cluster_SalamanderID2025_83
5505,cluster_SalamanderID2025_223
5506,cluster_SalamanderID2025_224
5507,cluster_SalamanderID2025_81
5508,cluster_SalamanderID2025_225
5509,cluster_SalamanderID2025_55
5510,cluster_SalamanderID2025_23
5511,cluster_SalamanderID2025_226
5512,cluster_SalamanderID2025_227
5513,cluster_SalamanderID2025_0
5514,cluster_SalamanderID2025_77
5515,cluster_SalamanderID2025_77
5516,cluster_SalamanderID2025_228
5517,cluster_SalamanderID2025_77
5518,cluster_SalamanderID2025_229
5519,cluster_SalamanderID2025_230
5520,cluster_SalamanderID2025_231
5521,cluster_SalamanderID2025_36
5522,cluster_SalamanderID2025_232
5523,cluster_SalamanderID2025_233
5524,cluster_SalamanderID2025_234
5525,cluster_SalamanderID2025_68
5526,cluster_SalamanderID2025_235
5527,cluster_SalamanderID2025_236
5528,cluster_SalamanderID2025_75
5529,cluster_SalamanderID2025_237
5530,cluster_SalamanderID2025_101
5531,cluster_SalamanderID2025_238
5532,cluster_SalamanderID2025_239
5533,cluster_SalamanderID2025_95
5534,cluster_SalamanderID2025_99
5535,cluster_SalamanderID2025_102
5536,cluster_SalamanderID2025_240
5537,cluster_SalamanderID2025_17
5538,cluster_SalamanderID2025_92
5539,cluster_SalamanderID2025_51
5540,cluster_SalamanderID2025_82
5541,cluster_SalamanderID2025_51
5542,cluster_SalamanderID2025_96
5543,cluster_SalamanderID2025_241
5544,cluster_SalamanderID2025_242
5545,cluster_SalamanderID2025_101
5546,cluster_SalamanderID2025_12
5547,cluster_SalamanderID2025_74
5548,cluster_SalamanderID2025_243
5549,cluster_SalamanderID2025_72
5550,cluster_SalamanderID2025_244
5551,cluster_SalamanderID2025_245
5552,cluster_SalamanderID2025_93
5553,cluster_SalamanderID2025_246
5554,cluster_SalamanderID2025_247
5555,cluster_SalamanderID2025_248
5556,cluster_SalamanderID2025_249
5557,cluster_SalamanderID2025_250
5558,cluster_SalamanderID2025_251
5559,cluster_SalamanderID2025_252
5560,cluster_SalamanderID2025_253
5561,cluster_SalamanderID2025_254
5562,cluster_SalamanderID2025_48
5563,cluster_SalamanderID2025_13
5564,cluster_SalamanderID2025_255
5565,cluster_SalamanderID2025_50
5566,cluster_SalamanderID2025_256
5567,cluster_SalamanderID2025_50
5568,cluster_SalamanderID2025_69
5569,cluster_SalamanderID2025_69
5570,cluster_SalamanderID2025_69
5571,cluster_SalamanderID2025_99
5572,cluster_SalamanderID2025_257
5573,cluster_SalamanderID2025_258
5574,cluster_SalamanderID2025_259
5575,cluster_SalamanderID2025_260
5576,cluster_SalamanderID2025_30
5577,cluster_SalamanderID2025_261
5578,cluster_SalamanderID2025_262
5579,cluster_SalamanderID2025_263
5580,cluster_SalamanderID2025_264
5581,cluster_SalamanderID2025_265
5582,cluster_SalamanderID2025_266
5583,cluster_SalamanderID2025_267
5584,cluster_SalamanderID2025_268
5585,cluster_SalamanderID2025_5
5586,cluster_SalamanderID2025_269
5587,cluster_SalamanderID2025_270
5588,cluster_SalamanderID2025_271
5589,cluster_SalamanderID2025_272
5590,cluster_SalamanderID2025_273
5591,cluster_SalamanderID2025_274
5592,cluster_SalamanderID2025_275
5593,cluster_SalamanderID2025_276
5594,cluster_SalamanderID2025_69
5595,cluster_SalamanderID2025_38
5596,cluster_SalamanderID2025_277
5597,cluster_SalamanderID2025_39
5598,cluster_SalamanderID2025_278
5599,cluster_SalamanderID2025_102
5600,cluster_SalamanderID2025_279
5601,cluster_SalamanderID2025_74
5602,cluster_SalamanderID2025_74
5603,cluster_SalamanderID2025_74
5604,cluster_SalamanderID2025_20
5605,cluster_SalamanderID2025_20
5606,cluster_SalamanderID2025_40
5607,cluster_SalamanderID2025_40
5608,cluster_SalamanderID2025_280
5609,cluster_SalamanderID2025_281
5610,cluster_SalamanderID2025_282
5611,cluster_SalamanderID2025_283
5612,cluster_SalamanderID2025_284
5613,cluster_SalamanderID2025_285
5614,cluster_SalamanderID2025_286
5615,cluster_SalamanderID2025_11
5616,cluster_SalamanderID2025_287
5617,cluster_SalamanderID2025_288
5618,cluster_SalamanderID2025_11
5619,cluster_SalamanderID2025_289
5620,cluster_SalamanderID2025_290
5621,cluster_SalamanderID2025_291
5622,cluster_SalamanderID2025_292
5623,cluster_SalamanderID2025_23
5624,cluster_SalamanderID2025_29
5625,cluster_SalamanderID2025_293
5626,cluster_SalamanderID2025_56
5627,cluster_SalamanderID2025_56
5628,cluster_SalamanderID2025_294
5629,cluster_SalamanderID2025_26
5630,cluster_SalamanderID2025_295
5631,cluster_SalamanderID2025_296
5632,cluster_SalamanderID2025_297
5633,cluster_SalamanderID2025_92
5634,cluster_SalamanderID2025_28
5635,cluster_SalamanderID2025_298
5636,cluster_SalamanderID2025_299
5637,cluster_SalamanderID2025_2
5638,cluster_SalamanderID2025_300
5639,cluster_SalamanderID2025_61
5640,cluster_SalamanderID2025_81
5641,cluster_SalamanderID2025_301
5642,cluster_SalamanderID2025_81
5643,cluster_SalamanderID2025_302
5644,cluster_SalamanderID2025_81
5645,cluster_SalamanderID2025_98
5646,cluster_SalamanderID2025_98
5647,cluster_SalamanderID2025_81
5648,cluster_SalamanderID2025_303
5649,cluster_SalamanderID2025_304
5650,cluster_SalamanderID2025_21
5651,cluster_SalamanderID2025_305
5652,cluster_SalamanderID2025_306
5653,cluster_SalamanderID2025_7
5654,cluster_SalamanderID2025_80
5655,cluster_SalamanderID2025_307
5656,cluster_SalamanderID2025_10
5657,cluster_SalamanderID2025_87
5658,cluster_SalamanderID2025_89
5659,cluster_SalamanderID2025_10
5660,cluster_SalamanderID2025_80
5661,cluster_SalamanderID2025_80
5662,cluster_SalamanderID2025_308
5663,cluster_SalamanderID2025_309
5664,cluster_SalamanderID2025_41
5665,cluster_SalamanderID2025_310
5666,cluster_SalamanderID2025_311
5667,cluster_SalamanderID2025_27
5668,cluster_SalamanderID2025_312
5669,cluster_SalamanderID2025_313
5670,cluster_SalamanderID2025_314
5671,cluster_SalamanderID2025_315
5672,cluster_SalamanderID2025_36
5673,cluster_SalamanderID2025_316
5674,cluster_SalamanderID2025_317
5675,cluster_SalamanderID2025_36
5676,cluster_SalamanderID2025_36
5677,cluster_SalamanderID2025_318
5678,cluster_SalamanderID2025_319
5679,cluster_SalamanderID2025_41
5680,cluster_SalamanderID2025_320
5681,cluster_SalamanderID2025_321
5682,cluster_SalamanderID2025_322
5683,cluster_SalamanderID2025_323
5684,cluster_SalamanderID2025_324
5685,cluster_SalamanderID2025_325
5686,cluster_SalamanderID2025_326
5687,cluster_SalamanderID2025_11
5688,cluster_SalamanderID2025_78
5689,cluster_SalamanderID2025_327
5690,cluster_SalamanderID2025_328
5691,cluster_SalamanderID2025_329
5692,cluster_SalamanderID2025_330
5693,cluster_SalamanderID2025_331
5694,cluster_SalamanderID2025_95
5695,cluster_SalamanderID2025_95
5696,cluster_SalamanderID2025_332
5697,cluster_SalamanderID2025_333
5698,cluster_SalamanderID2025_46
5699,cluster_SalamanderID2025_334
5700,cluster_SalamanderID2025_58
5701,cluster_SalamanderID2025_87
5702,cluster_SalamanderID2025_335
5703,cluster_SalamanderID2025_6
5704,cluster_SalamanderID2025_336
5705,cluster_SalamanderID2025_337
5706,cluster_SalamanderID2025_338
5707,cluster_SalamanderID2025_28
5708,cluster_SalamanderID2025_339
5709,cluster_SalamanderID2025_8
5710,cluster_SalamanderID2025_54
5711,cluster_SalamanderID2025_340
5712,cluster_SalamanderID2025_341
5713,cluster_SalamanderID2025_342
5714,cluster_SalamanderID2025_86
5715,cluster_SalamanderID2025_81
5716,cluster_SalamanderID2025_343
5717,cluster_SalamanderID2025_344
5718,cluster_SalamanderID2025_345
5719,cluster_SalamanderID2025_8
5720,cluster_SalamanderID2025_2
5721,cluster_SalamanderID2025_54
5722,cluster_SalamanderID2025_346
5723,cluster_SalamanderID2025_84
5724,cluster_SalamanderID2025_347
5725,cluster_SalamanderID2025_38
5726,cluster_SalamanderID2025_348
5727,cluster_SalamanderID2025_349
5728,cluster_SalamanderID2025_350
5729,cluster_SalamanderID2025_351
5730,cluster_SalamanderID2025_352
5731,cluster_SalamanderID2025_353
5732,cluster_SalamanderID2025_354
5733,cluster_SalamanderID2025_355
5734,cluster_SalamanderID2025_76
5735,cluster_SalamanderID2025_356
5736,cluster_SalamanderID2025_357
5737,cluster_SalamanderID2025_54
5738,cluster_SalamanderID2025_358
5739,cluster_SalamanderID2025_31
5740,cluster_SalamanderID2025_359
5741,cluster_SalamanderID2025_91
5742,cluster_SalamanderID2025_100
5743,cluster_SalamanderID2025_360
5744,cluster_SalamanderID2025_361
5745,cluster_SalamanderID2025_54
5746,cluster_SalamanderID2025_362
5747,cluster_SalamanderID2025_363
5748,cluster_SalamanderID2025_364
5749,cluster_SalamanderID2025_365
5750,cluster_SalamanderID2025_44
5751,cluster_SalamanderID2025_366
5752,cluster_SalamanderID2025_367
5753,cluster_SalamanderID2025_368
5754,cluster_SalamanderID2025_95
5755,cluster_SalamanderID2025_369
5756,cluster_SalamanderID2025_370
5757,cluster_SalamanderID2025_371
5758,cluster_SalamanderID2025_372
5759,cluster_SalamanderID2025_6
5760,cluster_SalamanderID2025_373
5761,cluster_SalamanderID2025_95
5762,cluster_SalamanderID2025_95
5763,cluster_SalamanderID2025_374
5764,cluster_SalamanderID2025_375
5765,cluster_SalamanderID2025_82
5766,cluster_SalamanderID2025_376
5767,cluster_SalamanderID2025_52
5768,cluster_SalamanderID2025_377
5769,cluster_SalamanderID2025_378
5770,cluster_SalamanderID2025_379
5771,cluster_SalamanderID2025_380
5772,cluster_SalamanderID2025_381
5773,cluster_SalamanderID2025_14
5774,cluster_SalamanderID2025_14
5775,cluster_SalamanderID2025_382
5776,cluster_SalamanderID2025_91
5777,cluster_SalamanderID2025_383
5778,cluster_SalamanderID2025_384
5779,cluster_SalamanderID2025_385
5780,cluster_SalamanderID2025_386
5781,cluster_SalamanderID2025_387
5782,cluster_SalamanderID2025_388
5783,cluster_SalamanderID2025_389
5784,cluster_SalamanderID2025_30
5785,cluster_SalamanderID2025_390
5786,cluster_SalamanderID2025_391
5787,cluster_SalamanderID2025_392
5788,cluster_SalamanderID2025_393
5789,cluster_SalamanderID2025_91
5790,cluster_SalamanderID2025_394
5791,cluster_SalamanderID2025_395
5792,cluster_SalamanderID2025_396
5793,cluster_SalamanderID2025_397
5794,cluster_SalamanderID2025_398
5795,cluster_SalamanderID2025_91
5796,cluster_SalamanderID2025_70
5797,cluster_SalamanderID2025_399
5798,cluster_SalamanderID2025_12
5799,cluster_SalamanderID2025_400
5800,cluster_SalamanderID2025_401
5801,cluster_SalamanderID2025_402
5802,cluster_SalamanderID2025_76
5803,cluster_SalamanderID2025_403
5804,cluster_SalamanderID2025_404
5805,cluster_SalamanderID2025_405
5806,cluster_SalamanderID2025_97
5807,cluster_SalamanderID2025_406
5808,cluster_SalamanderID2025_407
5809,cluster_SalamanderID2025_71
5810,cluster_SalamanderID2025_408
5811,cluster_SalamanderID2025_409
5812,cluster_SalamanderID2025_410
5813,cluster_SalamanderID2025_85
5814,cluster_SalamanderID2025_411
5815,cluster_SalamanderID2025_412
5816,cluster_SalamanderID2025_413
5817,cluster_SalamanderID2025_414
5818,cluster_SalamanderID2025_78
5819,cluster_SalamanderID2025_415
5820,cluster_SalamanderID2025_57
5821,cluster_SalamanderID2025_49
5822,cluster_SalamanderID2025_86
5823,cluster_SalamanderID2025_95
5824,cluster_SalamanderID2025_91
5825,cluster_SalamanderID2025_416
5826,cluster_SalamanderID2025_417
5827,cluster_SalamanderID2025_48
5828,cluster_SalamanderID2025_418
5829,cluster_SalamanderID2025_419
5830,cluster_SalamanderID2025_420
5831,cluster_SalamanderID2025_421
5832,cluster_SalamanderID2025_422
5833,cluster_SalamanderID2025_63
5834,cluster_SalamanderID2025_423
5835,cluster_SalamanderID2025_70
5836,cluster_SalamanderID2025_424
5837,cluster_SalamanderID2025_46
5838,cluster_SalamanderID2025_425
5839,cluster_SalamanderID2025_86
5840,cluster_SalamanderID2025_426
5841,cluster_SalamanderID2025_21
5842,cluster_SalamanderID2025_66
5843,cluster_SalamanderID2025_427
5844,cluster_SalamanderID2025_428
5845,cluster_SalamanderID2025_53
5846,cluster_SalamanderID2025_429
5847,cluster_SalamanderID2025_430
5848,cluster_SalamanderID2025_53
5849,cluster_SalamanderID2025_82
5850,cluster_SalamanderID2025_431
5851,cluster_SalamanderID2025_432
5852,cluster_SalamanderID2025_97
5853,cluster_SalamanderID2025_90
5854,cluster_SalamanderID2025_433
5855,cluster_SalamanderID2025_70
5856,cluster_SalamanderID2025_434
5857,cluster_SalamanderID2025_435
5858,cluster_SalamanderID2025_436
5859,cluster_SalamanderID2025_71
5860,cluster_SalamanderID2025_437
5861,cluster_SalamanderID2025_438
5862,cluster_SalamanderID2025_439
5863,cluster_SalamanderID2025_440
5864,cluster_SalamanderID2025_441
5865,cluster_SalamanderID2025_93
5866,cluster_SalamanderID2025_442
5867,cluster_SalamanderID2025_443
5868,cluster_SalamanderID2025_49
5869,cluster_SalamanderID2025_45
5870,cluster_SalamanderID2025_444
5871,cluster_SalamanderID2025_445
5872,cluster_SalamanderID2025_446
5873,cluster_SalamanderID2025_447
5874,cluster_SalamanderID2025_448
5875,cluster_SalamanderID2025_449
5876,cluster_SalamanderID2025_450
5877,cluster_SalamanderID2025_451
5878,cluster_SalamanderID2025_452
5879,cluster_SalamanderID2025_27
5880,cluster_SalamanderID2025_453
5881,cluster_SalamanderID2025_454
5882,cluster_SalamanderID2025_455
5883,cluster_SalamanderID2025_456
5884,cluster_SalamanderID2025_457
5885,cluster_SalamanderID2025_458
5886,cluster_SalamanderID2025_459
5887,cluster_SalamanderID2025_460
5888,cluster_SalamanderID2025_461
5889,cluster_SalamanderID2025_462
5890,cluster_SalamanderID2025_70
5891,cluster_SalamanderID2025_463
5892,cluster_SalamanderID2025_22
5893,cluster_SalamanderID2025_24
5894,cluster_SalamanderID2025_464
5895,cluster_SalamanderID2025_465
5896,cluster_SalamanderID2025_466
5897,cluster_SalamanderID2025_62
5898,cluster_SalamanderID2025_467
5899,cluster_SalamanderID2025_62
5900,cluster_SalamanderID2025_21
5901,cluster_SalamanderID2025_468
5902,cluster_SalamanderID2025_52
5903,cluster_SalamanderID2025_469
5904,cluster_SalamanderID2025_69
5905,cluster_SalamanderID2025_34
5906,cluster_SalamanderID2025_59
5907,cluster_SalamanderID2025_65
5908,cluster_SalamanderID2025_46
5909,cluster_SalamanderID2025_49
5910,cluster_SalamanderID2025_470
5911,cluster_SalamanderID2025_45
5912,cluster_SalamanderID2025_471
5913,cluster_SalamanderID2025_24
5914,cluster_SalamanderID2025_472
5915,cluster_SalamanderID2025_33
5916,cluster_SalamanderID2025_473
5917,cluster_SalamanderID2025_474
5918,cluster_SalamanderID2025_475
5919,cluster_SalamanderID2025_59
5920,cluster_SalamanderID2025_6
5921,cluster_SalamanderID2025_70
5922,cluster_SalamanderID2025_1
5923,cluster_SalamanderID2025_73
5924,cluster_SalamanderID2025_476
5925,cluster_SalamanderID2025_477
5926,cluster_SalamanderID2025_4
5927,cluster_SalamanderID2025_478
5928,cluster_SalamanderID2025_479
5929,cluster_SalamanderID2025_480
5930,cluster_SalamanderID2025_481
5931,cluster_SalamanderID2025_482
5932,cluster_SalamanderID2025_483
5933,cluster_SalamanderID2025_59
5934,cluster_SalamanderID2025_484
5935,cluster_SalamanderID2025_60
5936,cluster_SalamanderID2025_60
5937,cluster_SalamanderID2025_70
5938,cluster_SalamanderID2025_485
5939,cluster_SalamanderID2025_65
5940,cluster_SalamanderID2025_70
5941,cluster_SalamanderID2025_486
5942,cluster_SalamanderID2025_487
5943,cluster_SalamanderID2025_36
5944,cluster_SalamanderID2025_488
5945,cluster_SalamanderID2025_64
5946,cluster_SalamanderID2025_489
5947,cluster_SalamanderID2025_97
5948,cluster_SalamanderID2025_490
5949,cluster_SalamanderID2025_73
5950,cluster_SalamanderID2025_491
5951,cluster_SalamanderID2025_492
5952,cluster_SalamanderID2025_493
5953,cluster_SalamanderID2025_66
5954,cluster_SalamanderID2025_494
5955,cluster_SalamanderID2025_495
5956,cluster_SalamanderID2025_87
5957,cluster_SalamanderID2025_85
5958,cluster_SalamanderID2025_496
5959,cluster_SalamanderID2025_61
5960,cluster_SalamanderID2025_497
5961,cluster_SalamanderID2025_498
5962,cluster_SalamanderID2025_1
5963,cluster_SalamanderID2025_499
5964,cluster_SalamanderID2025_70
5965,cluster_SalamanderID2025_63
5966,cluster_SalamanderID2025_500
5967,cluster_SalamanderID2025_501
5968,cluster_SalamanderID2025_502
5969,cluster_SalamanderID2025_26
5970,cluster_SalamanderID2025_31
5971,cluster_SalamanderID2025_34
5972,cluster_SalamanderID2025_57
5973,cluster_SalamanderID2025_503
5974,cluster_SalamanderID2025_504
5975,cluster_SalamanderID2025_87
5976,cluster_SalamanderID2025_505
5977,cluster_SalamanderID2025_506
5978,cluster_SalamanderID2025_4
5979,cluster_SalamanderID2025_33
14709,cluster_SeaTurtleID2022_117
14710,cluster_SeaTurtleID2022_64
14711,cluster_SeaTurtleID2022_119
14712,cluster_SeaTurtleID2022_59
14713,cluster_SeaTurtleID2022_56
14714,cluster_SeaTurtleID2022_115
14715,cluster_SeaTurtleID2022_2
14716,cluster_SeaTurtleID2022_36
14717,cluster_SeaTurtleID2022_40
14718,cluster_SeaTurtleID2022_133
14719,cluster_SeaTurtleID2022_139
14720,cluster_SeaTurtleID2022_34
14721,cluster_SeaTurtleID2022_133
14722,cluster_SeaTurtleID2022_140
14723,cluster_SeaTurtleID2022_54
14724,cluster_SeaTurtleID2022_131
14725,cluster_SeaTurtleID2022_130
14726,cluster_SeaTurtleID2022_99
14727,cluster_SeaTurtleID2022_122
14728,cluster_SeaTurtleID2022_37
14729,cluster_SeaTurtleID2022_17
14730,cluster_SeaTurtleID2022_95
14731,cluster_SeaTurtleID2022_66
14732,cluster_SeaTurtleID2022_122
14733,cluster_SeaTurtleID2022_111
14734,cluster_SeaTurtleID2022_13
14735,cluster_SeaTurtleID2022_109
14736,cluster_SeaTurtleID2022_95
14737,cluster_SeaTurtleID2022_104
14738,cluster_SeaTurtleID2022_102
14739,cluster_SeaTurtleID2022_58
14740,cluster_SeaTurtleID2022_95
14741,cluster_SeaTurtleID2022_129
14742,cluster_SeaTurtleID2022_96
14743,cluster_SeaTurtleID2022_42
14744,cluster_SeaTurtleID2022_85
14745,cluster_SeaTurtleID2022_141
14746,cluster_SeaTurtleID2022_107
14747,cluster_SeaTurtleID2022_83
14748,cluster_SeaTurtleID2022_58
14749,cluster_SeaTurtleID2022_18
14750,cluster_SeaTurtleID2022_82
14751,cluster_SeaTurtleID2022_127
14752,cluster_SeaTurtleID2022_40
14753,cluster_SeaTurtleID2022_142
14754,cluster_SeaTurtleID2022_117
14755,cluster_SeaTurtleID2022_18
14756,cluster_SeaTurtleID2022_118
14757,cluster_SeaTurtleID2022_7
14758,cluster_SeaTurtleID2022_103
14759,cluster_SeaTurtleID2022_143
14760,cluster_SeaTurtleID2022_110
14761,cluster_SeaTurtleID2022_144
14762,cluster_SeaTurtleID2022_21
14763,cluster_SeaTurtleID2022_39
14764,cluster_SeaTurtleID2022_113
14765,cluster_SeaTurtleID2022_18
14766,cluster_SeaTurtleID2022_120
14767,cluster_SeaTurtleID2022_126
14768,cluster_SeaTurtleID2022_12
14769,cluster_SeaTurtleID2022_81
14770,cluster_SeaTurtleID2022_145
14771,cluster_SeaTurtleID2022_24
14772,cluster_SeaTurtleID2022_31
14773,cluster_SeaTurtleID2022_62
14774,cluster_SeaTurtleID2022_46
14775,cluster_SeaTurtleID2022_89
14776,cluster_SeaTurtleID2022_44
14777,cluster_SeaTurtleID2022_87
14778,cluster_SeaTurtleID2022_121
14779,cluster_SeaTurtleID2022_79
14780,cluster_SeaTurtleID2022_78
14781,cluster_SeaTurtleID2022_119
14782,cluster_SeaTurtleID2022_12
14783,cluster_SeaTurtleID2022_111
14784,cluster_SeaTurtleID2022_66
14785,cluster_SeaTurtleID2022_42
14786,cluster_SeaTurtleID2022_146
14787,cluster_SeaTurtleID2022_70
14788,cluster_SeaTurtleID2022_91
14789,cluster_SeaTurtleID2022_110
14790,cluster_SeaTurtleID2022_39
14791,cluster_SeaTurtleID2022_100
14792,cluster_SeaTurtleID2022_55
14793,cluster_SeaTurtleID2022_127
14794,cluster_SeaTurtleID2022_59
14795,cluster_SeaTurtleID2022_135
14796,cluster_SeaTurtleID2022_81
14797,cluster_SeaTurtleID2022_125
14798,cluster_SeaTurtleID2022_147
14799,cluster_SeaTurtleID2022_64
14800,cluster_SeaTurtleID2022_148
14801,cluster_SeaTurtleID2022_70
14802,cluster_SeaTurtleID2022_9
14803,cluster_SeaTurtleID2022_149
14804,cluster_SeaTurtleID2022_67
14805,cluster_SeaTurtleID2022_150
14806,cluster_SeaTurtleID2022_121
14807,cluster_SeaTurtleID2022_22
14808,cluster_SeaTurtleID2022_67
14809,cluster_SeaTurtleID2022_17
14810,cluster_SeaTurtleID2022_37
14811,cluster_SeaTurtleID2022_97
14812,cluster_SeaTurtleID2022_3
14813,cluster_SeaTurtleID2022_8
14814,cluster_SeaTurtleID2022_88
14815,cluster_SeaTurtleID2022_22
14816,cluster_SeaTurtleID2022_74
14817,cluster_SeaTurtleID2022_151
14818,cluster_SeaTurtleID2022_47
14819,cluster_SeaTurtleID2022_25
14820,cluster_SeaTurtleID2022_123
14821,cluster_SeaTurtleID2022_18
14822,cluster_SeaTurtleID2022_152
14823,cluster_SeaTurtleID2022_53
14824,cluster_SeaTurtleID2022_131
14825,cluster_SeaTurtleID2022_86
14826,cluster_SeaTurtleID2022_56
14827,cluster_SeaTurtleID2022_73
14828,cluster_SeaTurtleID2022_60
14829,cluster_SeaTurtleID2022_38
14830,cluster_SeaTurtleID2022_53
14831,cluster_SeaTurtleID2022_2
14832,cluster_SeaTurtleID2022_114
14833,cluster_SeaTurtleID2022_3
14834,cluster_SeaTurtleID2022_30
14835,cluster_SeaTurtleID2022_61
14836,cluster_SeaTurtleID2022_26
14837,cluster_SeaTurtleID2022_136
14838,cluster_SeaTurtleID2022_44
14839,cluster_SeaTurtleID2022_153
14840,cluster_SeaTurtleID2022_16
14841,cluster_SeaTurtleID2022_19
14842,cluster_SeaTurtleID2022_80
14843,cluster_SeaTurtleID2022_74
14844,cluster_SeaTurtleID2022_6
14845,cluster_SeaTurtleID2022_63
14846,cluster_SeaTurtleID2022_91
14847,cluster_SeaTurtleID2022_92
14848,cluster_SeaTurtleID2022_22
14849,cluster_SeaTurtleID2022_154
14850,cluster_SeaTurtleID2022_126
14851,cluster_SeaTurtleID2022_124
14852,cluster_SeaTurtleID2022_67
14853,cluster_SeaTurtleID2022_155
14854,cluster_SeaTurtleID2022_156
14855,cluster_SeaTurtleID2022_19
14856,cluster_SeaTurtleID2022_20
14857,cluster_SeaTurtleID2022_64
14858,cluster_SeaTurtleID2022_49
14859,cluster_SeaTurtleID2022_91
14860,cluster_SeaTurtleID2022_7
14861,cluster_SeaTurtleID2022_12
14862,cluster_SeaTurtleID2022_44
14863,cluster_SeaTurtleID2022_90
14864,cluster_SeaTurtleID2022_93
14865,cluster_SeaTurtleID2022_157
14866,cluster_SeaTurtleID2022_1
14867,cluster_SeaTurtleID2022_62
14868,cluster_SeaTurtleID2022_128
14869,cluster_SeaTurtleID2022_33
14870,cluster_SeaTurtleID2022_14
14871,cluster_SeaTurtleID2022_158
14872,cluster_SeaTurtleID2022_129
14873,cluster_SeaTurtleID2022_69
14874,cluster_SeaTurtleID2022_36
14875,cluster_SeaTurtleID2022_128
14876,cluster_SeaTurtleID2022_159
14877,cluster_SeaTurtleID2022_160
14878,cluster_SeaTurtleID2022_24
14879,cluster_SeaTurtleID2022_65
14880,cluster_SeaTurtleID2022_110
14881,cluster_SeaTurtleID2022_71
14882,cluster_SeaTurtleID2022_108
14883,cluster_SeaTurtleID2022_161
14884,cluster_SeaTurtleID2022_162
14885,cluster_SeaTurtleID2022_61
14886,cluster_SeaTurtleID2022_27
14887,cluster_SeaTurtleID2022_18
14888,cluster_SeaTurtleID2022_93
14889,cluster_SeaTurtleID2022_88
14890,cluster_SeaTurtleID2022_0
14891,cluster_SeaTurtleID2022_55
14892,cluster_SeaTurtleID2022_50
14893,cluster_SeaTurtleID2022_54
14894,cluster_SeaTurtleID2022_105
14895,cluster_SeaTurtleID2022_57
14896,cluster_SeaTurtleID2022_20
14897,cluster_SeaTurtleID2022_100
14898,cluster_SeaTurtleID2022_163
14899,cluster_SeaTurtleID2022_118
14900,cluster_SeaTurtleID2022_53
14901,cluster_SeaTurtleID2022_31
14902,cluster_SeaTurtleID2022_90
14903,cluster_SeaTurtleID2022_25
14904,cluster_SeaTurtleID2022_164
14905,cluster_SeaTurtleID2022_29
14906,cluster_SeaTurtleID2022_165
14907,cluster_SeaTurtleID2022_166
14908,cluster_SeaTurtleID2022_91
14909,cluster_SeaTurtleID2022_112
14910,cluster_SeaTurtleID2022_56
14911,cluster_SeaTurtleID2022_63
14912,cluster_SeaTurtleID2022_134
14913,cluster_SeaTurtleID2022_62
14914,cluster_SeaTurtleID2022_167
14915,cluster_SeaTurtleID2022_168
14916,cluster_SeaTurtleID2022_84
14917,cluster_SeaTurtleID2022_46
14918,cluster_SeaTurtleID2022_127
14919,cluster_SeaTurtleID2022_136
14920,cluster_SeaTurtleID2022_48
14921,cluster_SeaTurtleID2022_68
14922,cluster_SeaTurtleID2022_107
14923,cluster_SeaTurtleID2022_22
14924,cluster_SeaTurtleID2022_119
14925,cluster_SeaTurtleID2022_116
14926,cluster_SeaTurtleID2022_103
14927,cluster_SeaTurtleID2022_128
14928,cluster_SeaTurtleID2022_9
14929,cluster_SeaTurtleID2022_53
14930,cluster_SeaTurtleID2022_29
14931,cluster_SeaTurtleID2022_67
14932,cluster_SeaTurtleID2022_25
14933,cluster_SeaTurtleID2022_169
14934,cluster_SeaTurtleID2022_101
14935,cluster_SeaTurtleID2022_36
14936,cluster_SeaTurtleID2022_88
14937,cluster_SeaTurtleID2022_27
14938,cluster_SeaTurtleID2022_7
14939,cluster_SeaTurtleID2022_46
14940,cluster_SeaTurtleID2022_170
14941,cluster_SeaTurtleID2022_89
14942,cluster_SeaTurtleID2022_72
14943,cluster_SeaTurtleID2022_121
14944,cluster_SeaTurtleID2022_18
14945,cluster_SeaTurtleID2022_171
14946,cluster_SeaTurtleID2022_115
14947,cluster_SeaTurtleID2022_109
14948,cluster_SeaTurtleID2022_136
14949,cluster_SeaTurtleID2022_59
14950,cluster_SeaTurtleID2022_65
14951,cluster_SeaTurtleID2022_4
14952,cluster_SeaTurtleID2022_33
14953,cluster_SeaTurtleID2022_70
14954,cluster_SeaTurtleID2022_100
14955,cluster_SeaTurtleID2022_3
14956,cluster_SeaTurtleID2022_172
14957,cluster_SeaTurtleID2022_28
14958,cluster_SeaTurtleID2022_82
14959,cluster_SeaTurtleID2022_4
14960,cluster_SeaTurtleID2022_34
14961,cluster_SeaTurtleID2022_13
14962,cluster_SeaTurtleID2022_43
14963,cluster_SeaTurtleID2022_87
14964,cluster_SeaTurtleID2022_132
14965,cluster_SeaTurtleID2022_128
14966,cluster_SeaTurtleID2022_99
14967,cluster_SeaTurtleID2022_85
14968,cluster_SeaTurtleID2022_138
14969,cluster_SeaTurtleID2022_45
14970,cluster_SeaTurtleID2022_90
14971,cluster_SeaTurtleID2022_1
14972,cluster_SeaTurtleID2022_5
14973,cluster_SeaTurtleID2022_132
14974,cluster_SeaTurtleID2022_134
14975,cluster_SeaTurtleID2022_102
14976,cluster_SeaTurtleID2022_19
14977,cluster_SeaTurtleID2022_90
14978,cluster_SeaTurtleID2022_25
14979,cluster_SeaTurtleID2022_173
14980,cluster_SeaTurtleID2022_81
14981,cluster_SeaTurtleID2022_68
14982,cluster_SeaTurtleID2022_52
14983,cluster_SeaTurtleID2022_43
14984,cluster_SeaTurtleID2022_174
14985,cluster_SeaTurtleID2022_7
14986,cluster_SeaTurtleID2022_31
14987,cluster_SeaTurtleID2022_175
14988,cluster_SeaTurtleID2022_68
14989,cluster_SeaTurtleID2022_21
14990,cluster_SeaTurtleID2022_71
14991,cluster_SeaTurtleID2022_12
14992,cluster_SeaTurtleID2022_65
14993,cluster_SeaTurtleID2022_87
14994,cluster_SeaTurtleID2022_84
14995,cluster_SeaTurtleID2022_87
14996,cluster_SeaTurtleID2022_51
14997,cluster_SeaTurtleID2022_176
14998,cluster_SeaTurtleID2022_177
14999,cluster_SeaTurtleID2022_8
15000,cluster_SeaTurtleID2022_41
15001,cluster_SeaTurtleID2022_100
15002,cluster_SeaTurtleID2022_92
15003,cluster_SeaTurtleID2022_52
15004,cluster_SeaTurtleID2022_3
15005,cluster_SeaTurtleID2022_6
15006,cluster_SeaTurtleID2022_43
15007,cluster_SeaTurtleID2022_34
15008,cluster_SeaTurtleID2022_0
15009,cluster_SeaTurtleID2022_64
15010,cluster_SeaTurtleID2022_98
15011,cluster_SeaTurtleID2022_178
15012,cluster_SeaTurtleID2022_110
15013,cluster_SeaTurtleID2022_179
15014,cluster_SeaTurtleID2022_45
15015,cluster_SeaTurtleID2022_46
15016,cluster_SeaTurtleID2022_30
15017,cluster_SeaTurtleID2022_85
15018,cluster_SeaTurtleID2022_57
15019,cluster_SeaTurtleID2022_6
15020,cluster_SeaTurtleID2022_101
15021,cluster_SeaTurtleID2022_32
15022,cluster_SeaTurtleID2022_180
15023,cluster_SeaTurtleID2022_77
15024,cluster_SeaTurtleID2022_49
15025,cluster_SeaTurtleID2022_35
15026,cluster_SeaTurtleID2022_137
15027,cluster_SeaTurtleID2022_75
15028,cluster_SeaTurtleID2022_181
15029,cluster_SeaTurtleID2022_10
15030,cluster_SeaTurtleID2022_182
15031,cluster_SeaTurtleID2022_28
15032,cluster_SeaTurtleID2022_37
15033,cluster_SeaTurtleID2022_92
15034,cluster_SeaTurtleID2022_60
15035,cluster_SeaTurtleID2022_183
15036,cluster_SeaTurtleID2022_18
15037,cluster_SeaTurtleID2022_28
15038,cluster_SeaTurtleID2022_101
15039,cluster_SeaTurtleID2022_11
15040,cluster_SeaTurtleID2022_27
15041,cluster_SeaTurtleID2022_184
15042,cluster_SeaTurtleID2022_185
15043,cluster_SeaTurtleID2022_35
15044,cluster_SeaTurtleID2022_12
15045,cluster_SeaTurtleID2022_92
15046,cluster_SeaTurtleID2022_91
15047,cluster_SeaTurtleID2022_47
15048,cluster_SeaTurtleID2022_48
15049,cluster_SeaTurtleID2022_66
15050,cluster_SeaTurtleID2022_186
15051,cluster_SeaTurtleID2022_129
15052,cluster_SeaTurtleID2022_96
15053,cluster_SeaTurtleID2022_112
15054,cluster_SeaTurtleID2022_138
15055,cluster_SeaTurtleID2022_119
15056,cluster_SeaTurtleID2022_15
15057,cluster_SeaTurtleID2022_127
15058,cluster_SeaTurtleID2022_98
15059,cluster_SeaTurtleID2022_187
15060,cluster_SeaTurtleID2022_20
15061,cluster_SeaTurtleID2022_109
15062,cluster_SeaTurtleID2022_74
15063,cluster_SeaTurtleID2022_188
15064,cluster_SeaTurtleID2022_48
15065,cluster_SeaTurtleID2022_65
15066,cluster_SeaTurtleID2022_189
15067,cluster_SeaTurtleID2022_190
15068,cluster_SeaTurtleID2022_119
15069,cluster_SeaTurtleID2022_191
15070,cluster_SeaTurtleID2022_51
15071,cluster_SeaTurtleID2022_55
15072,cluster_SeaTurtleID2022_89
15073,cluster_SeaTurtleID2022_192
15074,cluster_SeaTurtleID2022_193
15075,cluster_SeaTurtleID2022_107
15076,cluster_SeaTurtleID2022_126
15077,cluster_SeaTurtleID2022_194
15078,cluster_SeaTurtleID2022_195
15079,cluster_SeaTurtleID2022_33
15080,cluster_SeaTurtleID2022_82
15081,cluster_SeaTurtleID2022_103
15082,cluster_SeaTurtleID2022_17
15083,cluster_SeaTurtleID2022_16
15084,cluster_SeaTurtleID2022_196
15085,cluster_SeaTurtleID2022_22
15086,cluster_SeaTurtleID2022_17
15087,cluster_SeaTurtleID2022_10
15088,cluster_SeaTurtleID2022_69
15089,cluster_SeaTurtleID2022_197
15090,cluster_SeaTurtleID2022_47
15091,cluster_SeaTurtleID2022_73
15092,cluster_SeaTurtleID2022_97
15093,cluster_SeaTurtleID2022_82
15094,cluster_SeaTurtleID2022_65
15095,cluster_SeaTurtleID2022_130
15096,cluster_SeaTurtleID2022_53
15097,cluster_SeaTurtleID2022_22
15098,cluster_SeaTurtleID2022_21
15099,cluster_SeaTurtleID2022_102
15100,cluster_SeaTurtleID2022_99
15101,cluster_SeaTurtleID2022_123
15102,cluster_SeaTurtleID2022_198
15103,cluster_SeaTurtleID2022_78
15104,cluster_SeaTurtleID2022_116
15105,cluster_SeaTurtleID2022_32
15106,cluster_SeaTurtleID2022_121
15107,cluster_SeaTurtleID2022_199
15108,cluster_SeaTurtleID2022_135
15109,cluster_SeaTurtleID2022_75
15110,cluster_SeaTurtleID2022_27
15111,cluster_SeaTurtleID2022_66
15112,cluster_SeaTurtleID2022_57
15113,cluster_SeaTurtleID2022_105
15114,cluster_SeaTurtleID2022_103
15115,cluster_SeaTurtleID2022_41
15116,cluster_SeaTurtleID2022_85
15117,cluster_SeaTurtleID2022_124
15118,cluster_SeaTurtleID2022_44
15119,cluster_SeaTurtleID2022_78
15120,cluster_SeaTurtleID2022_94
15121,cluster_SeaTurtleID2022_116
15122,cluster_SeaTurtleID2022_14
15123,cluster_SeaTurtleID2022_126
15124,cluster_SeaTurtleID2022_113
15125,cluster_SeaTurtleID2022_104
15126,cluster_SeaTurtleID2022_200
15127,cluster_SeaTurtleID2022_126
15128,cluster_SeaTurtleID2022_56
15129,cluster_SeaTurtleID2022_9
15130,cluster_SeaTurtleID2022_106
15131,cluster_SeaTurtleID2022_36
15132,cluster_SeaTurtleID2022_120
15133,cluster_SeaTurtleID2022_201
15134,cluster_SeaTurtleID2022_106
15135,cluster_SeaTurtleID2022_130
15136,cluster_SeaTurtleID2022_202
15137,cluster_SeaTurtleID2022_27
15138,cluster_SeaTurtleID2022_95
15139,cluster_SeaTurtleID2022_3
15140,cluster_SeaTurtleID2022_34
15141,cluster_SeaTurtleID2022_22
15142,cluster_SeaTurtleID2022_0
15143,cluster_SeaTurtleID2022_203
15144,cluster_SeaTurtleID2022_113
15145,cluster_SeaTurtleID2022_80
15146,cluster_SeaTurtleID2022_26
15147,cluster_SeaTurtleID2022_6
15148,cluster_SeaTurtleID2022_68
15149,cluster_SeaTurtleID2022_117
15150,cluster_SeaTurtleID2022_59
15151,cluster_SeaTurtleID2022_94
15152,cluster_SeaTurtleID2022_13
15153,cluster_SeaTurtleID2022_32
15154,cluster_SeaTurtleID2022_72
15155,cluster_SeaTurtleID2022_108
15156,cluster_SeaTurtleID2022_90
15157,cluster_SeaTurtleID2022_9
15158,cluster_SeaTurtleID2022_79
15159,cluster_SeaTurtleID2022_66
15160,cluster_SeaTurtleID2022_91
15161,cluster_SeaTurtleID2022_80
15162,cluster_SeaTurtleID2022_83
15163,cluster_SeaTurtleID2022_23
15164,cluster_SeaTurtleID2022_51
15165,cluster_SeaTurtleID2022_83
15166,cluster_SeaTurtleID2022_83
15167,cluster_SeaTurtleID2022_86
15168,cluster_SeaTurtleID2022_137
15169,cluster_SeaTurtleID2022_110
15170,cluster_SeaTurtleID2022_58
15171,cluster_SeaTurtleID2022_15
15172,cluster_SeaTurtleID2022_49
15173,cluster_SeaTurtleID2022_34
15174,cluster_SeaTurtleID2022_104
15175,cluster_SeaTurtleID2022_82
15176,cluster_SeaTurtleID2022_121
15177,cluster_SeaTurtleID2022_87
15178,cluster_SeaTurtleID2022_76
15179,cluster_SeaTurtleID2022_5
15180,cluster_SeaTurtleID2022_23
15181,cluster_SeaTurtleID2022_120
15182,cluster_SeaTurtleID2022_6
15183,cluster_SeaTurtleID2022_77
15184,cluster_SeaTurtleID2022_11
15185,cluster_SeaTurtleID2022_20
15186,cluster_SeaTurtleID2022_101
15187,cluster_SeaTurtleID2022_50
15188,cluster_SeaTurtleID2022_10
15189,cluster_SeaTurtleID2022_118
15190,cluster_SeaTurtleID2022_76
15191,cluster_SeaTurtleID2022_204
15192,cluster_SeaTurtleID2022_19
15193,cluster_SeaTurtleID2022_106
15194,cluster_SeaTurtleID2022_7
15195,cluster_SeaTurtleID2022_31
15196,cluster_SeaTurtleID2022_113
15197,cluster_SeaTurtleID2022_64
15198,cluster_SeaTurtleID2022_137
15199,cluster_SeaTurtleID2022_28
15200,cluster_SeaTurtleID2022_10
15201,cluster_SeaTurtleID2022_15
15202,cluster_SeaTurtleID2022_130
15203,cluster_SeaTurtleID2022_59
15204,cluster_SeaTurtleID2022_125
15205,cluster_SeaTurtleID2022_38
15206,cluster_SeaTurtleID2022_114
15207,cluster_SeaTurtleID2022_205
15208,cluster_SeaTurtleID2022_55
15209,cluster_TexasHornedLizards_0
15210,cluster_TexasHornedLizards_2
15211,cluster_TexasHornedLizards_0
15212,cluster_TexasHornedLizards_0
15213,cluster_TexasHornedLizards_0
15214,cluster_TexasHornedLizards_0
15215,cluster_TexasHornedLizards_0
15216,cluster_TexasHornedLizards_0
15217,cluster_TexasHornedLizards_0
15218,cluster_TexasHornedLizards_0
15219,cluster_TexasHornedLizards_0
15220,cluster_TexasHornedLizards_0
15221,cluster_TexasHornedLizards_0
15222,cluster_TexasHornedLizards_0
15223,cluster_TexasHornedLizards_0
15224,cluster_TexasHornedLizards_0
15225,cluster_TexasHornedLizards_0
15226,cluster_TexasHornedLizards_0
15227,cluster_TexasHornedLizards_0
15228,cluster_TexasHornedLizards_0
15229,cluster_TexasHornedLizards_0
15230,cluster_TexasHornedLizards_0
15231,cluster_TexasHornedLizards_0
15232,cluster_TexasHornedLizards_0
15233,cluster_TexasHornedLizards_0
15234,cluster_TexasHornedLizards_0
15235,cluster_TexasHornedLizards_0
15236,cluster_TexasHornedLizards_0
15237,cluster_TexasHornedLizards_0
15238,cluster_TexasHornedLizards_0
15239,cluster_TexasHornedLizards_0
15240,cluster_TexasHornedLizards_0
15241,cluster_TexasHornedLizards_0
15242,cluster_TexasHornedLizards_0
15243,cluster_TexasHornedLizards_0
15244,cluster_TexasHornedLizards_0
15245,cluster_TexasHornedLizards_0
15246,cluster_TexasHornedLizards_0
15247,cluster_TexasHornedLizards_3
15248,cluster_TexasHornedLizards_0
15249,cluster_TexasHornedLizards_0
15250,cluster_TexasHornedLizards_0
15251,cluster_TexasHornedLizards_0
15252,cluster_TexasHornedLizards_0
15253,cluster_TexasHornedLizards_0
15254,cluster_TexasHornedLizards_0
15255,cluster_TexasHornedLizards_0
15256,cluster_TexasHornedLizards_0
15257,cluster_TexasHornedLizards_0
15258,cluster_TexasHornedLizards_0
15259,cluster_TexasHornedLizards_0
15260,cluster_TexasHornedLizards_0
15261,cluster_TexasHornedLizards_0
15262,cluster_TexasHornedLizards_0
15263,cluster_TexasHornedLizards_0
15264,cluster_TexasHornedLizards_0
15265,cluster_TexasHornedLizards_0
15266,cluster_TexasHornedLizards_0
15267,cluster_TexasHornedLizards_0
15268,cluster_TexasHornedLizards_0
15269,cluster_TexasHornedLizards_0
15270,cluster_TexasHornedLizards_0
15271,cluster_TexasHornedLizards_0
15272,cluster_TexasHornedLizards_0
15273,cluster_TexasHornedLizards_0
15274,cluster_TexasHornedLizards_0
15275,cluster_TexasHornedLizards_0
15276,cluster_TexasHornedLizards_0
15277,cluster_TexasHornedLizards_0
15278,cluster_TexasHornedLizards_0
15279,cluster_TexasHornedLizards_0
15280,cluster_TexasHornedLizards_0
15281,cluster_TexasHornedLizards_0
15282,cluster_TexasHornedLizards_0
15283,cluster_TexasHornedLizards_0
15284,cluster_TexasHornedLizards_0
15285,cluster_TexasHornedLizards_0
15286,cluster_TexasHornedLizards_0
15287,cluster_TexasHornedLizards_0
15288,cluster_TexasHornedLizards_0
15289,cluster_TexasHornedLizards_0
15290,cluster_TexasHornedLizards_0
15291,cluster_TexasHornedLizards_0
15292,cluster_TexasHornedLizards_0
15293,cluster_TexasHornedLizards_0
15294,cluster_TexasHornedLizards_0
15295,cluster_TexasHornedLizards_0
15296,cluster_TexasHornedLizards_0
15297,cluster_TexasHornedLizards_0
15298,cluster_TexasHornedLizards_0
15299,cluster_TexasHornedLizards_0
15300,cluster_TexasHornedLizards_0
15301,cluster_TexasHornedLizards_0
15302,cluster_TexasHornedLizards_0
15303,cluster_TexasHornedLizards_0
15304,cluster_TexasHornedLizards_0
15305,cluster_TexasHornedLizards_0
15306,cluster_TexasHornedLizards_0
15307,cluster_TexasHornedLizards_0
15308,cluster_TexasHornedLizards_0
15309,cluster_TexasHornedLizards_0
15310,cluster_TexasHornedLizards_0
15311,cluster_TexasHornedLizards_0
15312,cluster_TexasHornedLizards_0
15313,cluster_TexasHornedLizards_0
15314,cluster_TexasHornedLizards_0
15315,cluster_TexasHornedLizards_0
15316,cluster_TexasHornedLizards_0
15317,cluster_TexasHornedLizards_0
15318,cluster_TexasHornedLizards_0
15319,cluster_TexasHornedLizards_0
15320,cluster_TexasHornedLizards_0
15321,cluster_TexasHornedLizards_0
15322,cluster_TexasHornedLizards_0
15323,cluster_TexasHornedLizards_0
15324,cluster_TexasHornedLizards_0
15325,cluster_TexasHornedLizards_0
15326,cluster_TexasHornedLizards_0
15327,cluster_TexasHornedLizards_0
15328,cluster_TexasHornedLizards_0
15329,cluster_TexasHornedLizards_0
15330,cluster_TexasHornedLizards_0
15331,cluster_TexasHornedLizards_0
15332,cluster_TexasHornedLizards_0
15333,cluster_TexasHornedLizards_0
15334,cluster_TexasHornedLizards_0
15335,cluster_TexasHornedLizards_0
15336,cluster_TexasHornedLizards_0
15337,cluster_TexasHornedLizards_0
15338,cluster_TexasHornedLizards_0
15339,cluster_TexasHornedLizards_0
15340,cluster_TexasHornedLizards_0
15341,cluster_TexasHornedLizards_0
15342,cluster_TexasHornedLizards_0
15343,cluster_TexasHornedLizards_0
15344,cluster_TexasHornedLizards_0
15345,cluster_TexasHornedLizards_0
15346,cluster_TexasHornedLizards_0
15347,cluster_TexasHornedLizards_0
15348,cluster_TexasHornedLizards_0
15349,cluster_TexasHornedLizards_0
15350,cluster_TexasHornedLizards_0
15351,cluster_TexasHornedLizards_0
15352,cluster_TexasHornedLizards_0
15353,cluster_TexasHornedLizards_0
15354,cluster_TexasHornedLizards_0
15355,cluster_TexasHornedLizards_0
15356,cluster_TexasHornedLizards_0
15357,cluster_TexasHornedLizards_0
15358,cluster_TexasHornedLizards_0
15359,cluster_TexasHornedLizards_0
15360,cluster_TexasHornedLizards_0
15361,cluster_TexasHornedLizards_0
15362,cluster_TexasHornedLizards_0
15363,cluster_TexasHornedLizards_0
15364,cluster_TexasHornedLizards_0
15365,cluster_TexasHornedLizards_0
15366,cluster_TexasHornedLizards_0
15367,cluster_TexasHornedLizards_0
15368,cluster_TexasHornedLizards_0
15369,cluster_TexasHornedLizards_0
15370,cluster_TexasHornedLizards_0
15371,cluster_TexasHornedLizards_0
15372,cluster_TexasHornedLizards_0
15373,cluster_TexasHornedLizards_0
15374,cluster_TexasHornedLizards_0
15375,cluster_TexasHornedLizards_0
15376,cluster_TexasHornedLizards_0
15377,cluster_TexasHornedLizards_0
15378,cluster_TexasHornedLizards_0
15379,cluster_TexasHornedLizards_0
15380,cluster_TexasHornedLizards_0
15381,cluster_TexasHornedLizards_0
15382,cluster_TexasHornedLizards_0
15383,cluster_TexasHornedLizards_0
15384,cluster_TexasHornedLizards_0
15385,cluster_TexasHornedLizards_0
15386,cluster_TexasHornedLizards_0
15387,cluster_TexasHornedLizards_0
15388,cluster_TexasHornedLizards_0
15389,cluster_TexasHornedLizards_0
15390,cluster_TexasHornedLizards_0
15391,cluster_TexasHornedLizards_0
15392,cluster_TexasHornedLizards_0
15393,cluster_TexasHornedLizards_0
15394,cluster_TexasHornedLizards_0
15395,cluster_TexasHornedLizards_0
15396,cluster_TexasHornedLizards_0
15397,cluster_TexasHornedLizards_0
15398,cluster_TexasHornedLizards_0
15399,cluster_TexasHornedLizards_0
15400,cluster_TexasHornedLizards_0
15401,cluster_TexasHornedLizards_0
15402,cluster_TexasHornedLizards_0
15403,cluster_TexasHornedLizards_0
15404,cluster_TexasHornedLizards_0
15405,cluster_TexasHornedLizards_0
15406,cluster_TexasHornedLizards_0
15407,cluster_TexasHornedLizards_0
15408,cluster_TexasHornedLizards_0
15409,cluster_TexasHornedLizards_0
15410,cluster_TexasHornedLizards_0
15411,cluster_TexasHornedLizards_0
15412,cluster_TexasHornedLizards_0
15413,cluster_TexasHornedLizards_0
15414,cluster_TexasHornedLizards_0
15415,cluster_TexasHornedLizards_0
15416,cluster_TexasHornedLizards_0
15417,cluster_TexasHornedLizards_0
15418,cluster_TexasHornedLizards_0
15419,cluster_TexasHornedLizards_0
15420,cluster_TexasHornedLizards_0
15421,cluster_TexasHornedLizards_0
15422,cluster_TexasHornedLizards_0
15423,cluster_TexasHornedLizards_0
15424,cluster_TexasHornedLizards_0
15425,cluster_TexasHornedLizards_0
15426,cluster_TexasHornedLizards_0
15427,cluster_TexasHornedLizards_0
15428,cluster_TexasHornedLizards_0
15429,cluster_TexasHornedLizards_0
15430,cluster_TexasHornedLizards_0
15431,cluster_TexasHornedLizards_0
15432,cluster_TexasHornedLizards_0
15433,cluster_TexasHornedLizards_0
15434,cluster_TexasHornedLizards_0
15435,cluster_TexasHornedLizards_0
15436,cluster_TexasHornedLizards_0
15437,cluster_TexasHornedLizards_0
15438,cluster_TexasHornedLizards_0
15439,cluster_TexasHornedLizards_0
15440,cluster_TexasHornedLizards_0
15441,cluster_TexasHornedLizards_0
15442,cluster_TexasHornedLizards_0
15443,cluster_TexasHornedLizards_0
15444,cluster_TexasHornedLizards_0
15445,cluster_TexasHornedLizards_1
15446,cluster_TexasHornedLizards_0
15447,cluster_TexasHornedLizards_0
15448,cluster_TexasHornedLizards_0
15449,cluster_TexasHornedLizards_0
15450,cluster_TexasHornedLizards_0
15451,cluster_TexasHornedLizards_0
15452,cluster_TexasHornedLizards_0
15453,cluster_TexasHornedLizards_0
15454,cluster_TexasHornedLizards_0
15455,cluster_TexasHornedLizards_0
15456,cluster_TexasHornedLizards_0
15457,cluster_TexasHornedLizards_0
15458,cluster_TexasHornedLizards_0
15459,cluster_TexasHornedLizards_0
15460,cluster_TexasHornedLizards_0
15461,cluster_TexasHornedLizards_0
15462,cluster_TexasHornedLizards_0
15463,cluster_TexasHornedLizards_0
15464,cluster_TexasHornedLizards_0
15465,cluster_TexasHornedLizards_1
15466,cluster_TexasHornedLizards_0
15467,cluster_TexasHornedLizards_0
15468,cluster_TexasHornedLizards_0
15469,cluster_TexasHornedLizards_0
15470,cluster_TexasHornedLizards_0
15471,cluster_TexasHornedLizards_0
15472,cluster_TexasHornedLizards_0
15473,cluster_TexasHornedLizards_0
15474,cluster_TexasHornedLizards_0
15475,cluster_TexasHornedLizards_0
15476,cluster_TexasHornedLizards_0
15477,cluster_TexasHornedLizards_0
15478,cluster_TexasHornedLizards_0
15479,cluster_TexasHornedLizards_0
15480,cluster_TexasHornedLizards_0
15481,cluster_TexasHornedLizards_0
15482,cluster_TexasHornedLizards_0
